attemptId,questionId,submittedAnswer,correctAnswer,isCorrect
11f2b583-f138-4b22-2c98-27da86eda3f8,811fa459-5bcd-9e2e-f8d8-391c4f4507ad,d,d,true
f88e9c84-3b4b-d933-5a59-4fbcf65ea2a1,201922bd-bc6d-ada9-e842-643be22558f8,c,c,true
0197b07a-2937-343e-c116-1bb65dbd88bc,989d68ee-4636-b9f4-eb5d-543258e1315a,d,d,true
44ecbf04-27c8-7fa6-06a3-048dabb6dc5d,b45c6079-9179-340c-6ad1-17430933f22a,d,d,true
5ac46b5d-3625-6a28-ad93-f58d71721720,7b096543-245c-709e-8433-3b08affd72b7,b,b,true
b7073b3e-9bd2-7232-c169-5d3ea3bce62b,b644e965-f0da-2073-fb42-10b50bd1d9ca,b,a,false
965c9fce-456d-d8df-8cd8-faa2d727473c,e57b8a51-d2dc-dadc-edfe-6f7f5b3caa6d,d,d,true
a55e1580-7123-039f-fc65-83cf633775a9,07223e8f-99f3-0531-1e1f-c54f6bf8f8d7,a,a,true
b547c60c-53bd-66ed-cc9d-a1c605c08703,e57b8a51-d2dc-dadc-edfe-6f7f5b3caa6d,d,d,true
fb2aa593-2e2d-b508-78dd-931a98cee2f5,989d68ee-4636-b9f4-eb5d-543258e1315a,d,d,true
298c1b8e-9ba7-8154-024b-78c5b90cc13d,811fa459-5bcd-9e2e-f8d8-391c4f4507ad,d,d,true
990aa00b-29d1-f685-a819-8f62611ba1ff,989d68ee-4636-b9f4-eb5d-543258e1315a,d,d,true
2081044e-be88-f6fb-f522-e0d69d2694e5,989d68ee-4636-b9f4-eb5d-543258e1315a,d,d,true
8a9ffee6-c946-bf4b-c765-11160cae99bc,201922bd-bc6d-ada9-e842-643be22558f8,b,c,false
c37db7eb-c7d6-e135-a553-dc3cba70ebcf,201922bd-bc6d-ada9-e842-643be22558f8,c,c,true
a2584f3d-2afc-d751-3830-c44e9f65a41b,7b096543-245c-709e-8433-3b08affd72b7,b,b,true
ecb474c1-53e1-a1dc-a320-783768f87f28,b45c6079-9179-340c-6ad1-17430933f22a,d,d,true
1382fd10-1158-b940-df98-78cd16230ad3,989d68ee-4636-b9f4-eb5d-543258e1315a,d,d,true
25be5b2e-7730-39d1-5ee5-60ac89ee3106,e57b8a51-d2dc-dadc-edfe-6f7f5b3caa6d,d,d,true
e23fd3c5-0fe0-8a6a-cbd4-11da52a39c14,7b096543-245c-709e-8433-3b08affd72b7,b,b,true
832de5c6-5a00-26ad-9acd-7cad31aa02ae,7b096543-245c-709e-8433-3b08affd72b7,b,b,true
66d72ca4-00dc-4e89-d228-a10b1d896769,989d68ee-4636-b9f4-eb5d-543258e1315a,d,d,true
3f65bd51-4ce6-9bab-017e-da7904eb0cc0,811fa459-5bcd-9e2e-f8d8-391c4f4507ad,d,d,true
233e1a54-b03f-49ef-768b-8924bffac687,989d68ee-4636-b9f4-eb5d-543258e1315a,d,d,true
2283ff57-1e62-5961-4a81-b18ca7aeea8d,989d68ee-4636-b9f4-eb5d-543258e1315a,d,d,true
ba07b6d5-052c-9a01-95d7-cdd84c502d02,f668fe79-77f4-4d93-4069-2cb864a7c62e,b,b,true
03ff64ed-a4d9-9a8e-62fb-4b4b99978cd1,201922bd-bc6d-ada9-e842-643be22558f8,c,c,true
ad9262d8-2cfe-706e-4372-caa95fdce754,811fa459-5bcd-9e2e-f8d8-391c4f4507ad,d,d,true
09143018-8c97-1d7c-d95b-b5c9f3e0f938,989d68ee-4636-b9f4-eb5d-543258e1315a,d,d,true
710060e6-c267-f3c9-65c9-96b204ee9f27,989d68ee-4636-b9f4-eb5d-543258e1315a,d,d,true
7e541c2b-3e90-46c2-98a3-42dcd51324db,07223e8f-99f3-0531-1e1f-c54f6bf8f8d7,a,a,true
bd425424-deba-366f-2cee-23da0cb29215,7b096543-245c-709e-8433-3b08affd72b7,b,b,true
1a39d57b-3c47-509e-776e-80a7de88da5e,07223e8f-99f3-0531-1e1f-c54f6bf8f8d7,d,a,false
ef5b2ccf-7d8a-c7ff-5302-6ab65578f1c4,b45c6079-9179-340c-6ad1-17430933f22a,d,d,true
865e7dea-ad9a-d39e-679d-d534daddb6e0,811fa459-5bcd-9e2e-f8d8-391c4f4507ad,d,d,true
105f2fc7-f99d-545a-4fea-29ab5d409473,f668fe79-77f4-4d93-4069-2cb864a7c62e,b,b,true
9f4e09c6-3889-0ba8-b3e5-de0de737b2b0,b644e965-f0da-2073-fb42-10b50bd1d9ca,a,a,true
8181e494-f227-e470-04aa-78e7d991860b,201922bd-bc6d-ada9-e842-643be22558f8,c,c,true
30a4d0dd-b55e-d527-f450-160ea2237754,b48e7446-cf17-3171-276e-c83305f3ce76,a,a,true
0818e5f5-ccc0-4eb3-76e0-5add26b16f40,b48e7446-cf17-3171-276e-c83305f3ce76,a,a,true
b66175c0-a845-033f-1de7-d739d6c4367e,f668fe79-77f4-4d93-4069-2cb864a7c62e,a,b,false
98168057-33d3-539e-6146-153b5ef631de,07223e8f-99f3-0531-1e1f-c54f6bf8f8d7,a,a,true
fb5ced2a-e262-49d8-e2c2-4408b07ee492,07223e8f-99f3-0531-1e1f-c54f6bf8f8d7,a,a,true
d9ac5d22-82ca-cf84-2b41-e018f4c8d917,f668fe79-77f4-4d93-4069-2cb864a7c62e,b,b,true
70f5cf68-04c2-83d6-0a54-1e0b1a461dd4,b48e7446-cf17-3171-276e-c83305f3ce76,a,a,true
46e10b6b-840f-fa95-e7e8-b6ddd589c899,07223e8f-99f3-0531-1e1f-c54f6bf8f8d7,a,a,true
126f0b56-6874-51f1-ea7d-651660b50cca,07223e8f-99f3-0531-1e1f-c54f6bf8f8d7,d,a,false
08451aee-eef9-f701-b7f8-20baa93a7fbe,e57b8a51-d2dc-dadc-edfe-6f7f5b3caa6d,c,d,false
d03073f1-2f72-8b3f-527b-b77784cd18c3,b48e7446-cf17-3171-276e-c83305f3ce76,a,a,true
1b178f3d-0fbb-292c-7890-67c5c92b70e2,f668fe79-77f4-4d93-4069-2cb864a7c62e,b,b,true
c3c535d9-5526-54f4-ddfc-bc99d7d034ee,201922bd-bc6d-ada9-e842-643be22558f8,c,c,true
0ad36c72-2c99-7fce-8b90-324e118dc2da,811fa459-5bcd-9e2e-f8d8-391c4f4507ad,d,d,true
186c769a-7282-5032-ebdb-555b27b0d253,b644e965-f0da-2073-fb42-10b50bd1d9ca,a,a,true
cbee6388-f688-4784-f71e-0f182fa76b1c,e57b8a51-d2dc-dadc-edfe-6f7f5b3caa6d,d,d,true
e561b91e-cb71-b33a-7ba6-228d626d9bc7,b48e7446-cf17-3171-276e-c83305f3ce76,a,a,true
51f14d02-2a4e-6f54-e9b9-79bbc0e74a72,7b096543-245c-709e-8433-3b08affd72b7,b,b,true
1f847b57-a0a6-2a03-c695-fe25751ed7aa,811fa459-5bcd-9e2e-f8d8-391c4f4507ad,d,d,true
5c278b2b-3289-585a-c8f5-d2f4fc836662,f668fe79-77f4-4d93-4069-2cb864a7c62e,b,b,true
4c40af45-3423-8312-e8d9-e2dc8c0dba55,b45c6079-9179-340c-6ad1-17430933f22a,d,d,true
3bacacba-13fa-4326-14fa-afa44b1fe46c,b644e965-f0da-2073-fb42-10b50bd1d9ca,a,a,true
bccd6297-803e-e82f-e6e4-1b79429a39a5,b644e965-f0da-2073-fb42-10b50bd1d9ca,d,a,false
c24bed78-a229-2f21-24b1-daf8f459b4ed,7b096543-245c-709e-8433-3b08affd72b7,b,b,true
66420d2b-0cd6-c61c-e12d-6e4bb084767c,989d68ee-4636-b9f4-eb5d-543258e1315a,d,d,true
023d1e30-9859-1299-58d3-4f7ea5d52389,e57b8a51-d2dc-dadc-edfe-6f7f5b3caa6d,d,d,true
10b6fd96-dd6c-010c-3a9e-8953b13a9632,b644e965-f0da-2073-fb42-10b50bd1d9ca,a,a,true
e4f82196-a910-6a41-9421-8118466ad115,f668fe79-77f4-4d93-4069-2cb864a7c62e,b,b,true
26bd500d-c2d9-4052-9a29-ae311e6608fc,b45c6079-9179-340c-6ad1-17430933f22a,d,d,true
3a493f37-6e0a-fe88-ab12-800c4a38a72b,7b096543-245c-709e-8433-3b08affd72b7,b,b,true
9f0f1b1f-733e-8b9b-e9dc-1cf55d50c3ce,f668fe79-77f4-4d93-4069-2cb864a7c62e,b,b,true
3ca38598-537c-1940-6b9e-a062fe028a1c,e57b8a51-d2dc-dadc-edfe-6f7f5b3caa6d,d,d,true
82344da0-c6cd-d5a4-d8d8-b0459dc4d0e4,e57b8a51-d2dc-dadc-edfe-6f7f5b3caa6d,d,d,true
14c36ff1-9f99-734c-12bf-6e27160f31b7,b644e965-f0da-2073-fb42-10b50bd1d9ca,a,a,true
94fd81a4-3691-c513-8697-46e814bd6037,07223e8f-99f3-0531-1e1f-c54f6bf8f8d7,a,a,true
288a04d4-15a7-ff55-cd64-77f68bc40da4,b644e965-f0da-2073-fb42-10b50bd1d9ca,a,a,true
5817f57a-4954-b311-b155-c66122fe248f,989d68ee-4636-b9f4-eb5d-543258e1315a,d,d,true
cb78aad0-4d63-7ef8-57e8-f292e3276556,811fa459-5bcd-9e2e-f8d8-391c4f4507ad,d,d,true
463663fa-84ec-ac3d-9724-b0a7e9a3697d,7b096543-245c-709e-8433-3b08affd72b7,b,b,true
530fe42d-27fe-fa02-47b1-835206a42055,989d68ee-4636-b9f4-eb5d-543258e1315a,d,d,true
9b15287a-99af-61c2-40b1-b35e7c5f2bf1,f668fe79-77f4-4d93-4069-2cb864a7c62e,b,b,true
3fac3a88-d0bd-f7f9-b7f8-b250aa781a72,07223e8f-99f3-0531-1e1f-c54f6bf8f8d7,a,a,true
41469731-4593-32f4-b9d6-145600a6d436,b45c6079-9179-340c-6ad1-17430933f22a,c,d,false
ff52da29-8add-f363-2fac-a77a3165189f,201922bd-bc6d-ada9-e842-643be22558f8,c,c,true
9b193c52-7944-8a33-d80e-1c4664d5dbbf,07223e8f-99f3-0531-1e1f-c54f6bf8f8d7,a,a,true
4097f5e5-a89f-58db-b630-be3a63f522af,201922bd-bc6d-ada9-e842-643be22558f8,c,c,true
08f45d28-af3b-4a15-7603-534783f03ce7,07223e8f-99f3-0531-1e1f-c54f6bf8f8d7,a,a,true
ca09684b-6e58-5aca-c6aa-34752c308ab8,201922bd-bc6d-ada9-e842-643be22558f8,c,c,true
beddb160-15eb-904b-f456-3e93b53794af,989d68ee-4636-b9f4-eb5d-543258e1315a,d,d,true
efeaf35b-2bba-92e6-c910-300bc35c5bdb,7b096543-245c-709e-8433-3b08affd72b7,b,b,true
9d48090a-b003-9d83-d0ad-8217c11ea2a5,811fa459-5bcd-9e2e-f8d8-391c4f4507ad,d,d,true
ddfd4111-9661-c4ac-5214-6692ef3531db,b48e7446-cf17-3171-276e-c83305f3ce76,a,a,true
304dd684-e389-1b44-9ec7-cb36b927fa98,07223e8f-99f3-0531-1e1f-c54f6bf8f8d7,a,a,true
bb811a2e-54dd-3394-16fa-0b3635af79ed,b48e7446-cf17-3171-276e-c83305f3ce76,b,a,false
a0521254-6f5f-90eb-9fa5-68be1f30efa7,7b096543-245c-709e-8433-3b08affd72b7,b,b,true
a54f4d4b-c4f7-6ea0-57c4-5558a1d2e703,989d68ee-4636-b9f4-eb5d-543258e1315a,b,d,false
6c466f68-822d-3610-c952-c838baa0debd,f668fe79-77f4-4d93-4069-2cb864a7c62e,b,b,true
c69b4349-2f60-bb5a-011e-d23da74fd63f,989d68ee-4636-b9f4-eb5d-543258e1315a,d,d,true
e7651642-2c9e-bfe6-76b6-aa4c7525af1f,b45c6079-9179-340c-6ad1-17430933f22a,d,d,true
cbbb5392-74e5-c7e6-044e-5bf717574a8d,e57b8a51-d2dc-dadc-edfe-6f7f5b3caa6d,d,d,true
ddfc605a-0729-f7f5-00cc-aa2c169c0565,07223e8f-99f3-0531-1e1f-c54f6bf8f8d7,c,a,false
4c4cfdeb-5317-3780-77aa-7262296e50cd,f668fe79-77f4-4d93-4069-2cb864a7c62e,b,b,true
f00ab754-7ae6-b3f6-cba4-ec373f8bdb1f,07223e8f-99f3-0531-1e1f-c54f6bf8f8d7,a,a,true
6a0259a7-4c18-2a4b-67af-e39f5755e094,b644e965-f0da-2073-fb42-10b50bd1d9ca,a,a,true
2418eb25-6470-6b4c-81a9-a0ab16413760,201922bd-bc6d-ada9-e842-643be22558f8,d,c,false
f6a1f715-92c6-ccd7-4fe6-0069001e6166,201922bd-bc6d-ada9-e842-643be22558f8,c,c,true
29d27f60-d93c-e037-dba6-03477d1c047c,07223e8f-99f3-0531-1e1f-c54f6bf8f8d7,a,a,true
9fa60ab8-6b9a-9151-8a0d-97dbd1534229,e57b8a51-d2dc-dadc-edfe-6f7f5b3caa6d,d,d,true
12eb793a-afab-88a7-ab47-0fdf39f12e40,b48e7446-cf17-3171-276e-c83305f3ce76,a,a,true
506ff57a-c304-7125-4520-01ebb3026734,b644e965-f0da-2073-fb42-10b50bd1d9ca,a,a,true
37a2832b-dc83-009b-f5a3-eeeb2a643c20,b45c6079-9179-340c-6ad1-17430933f22a,d,d,true
78dd6634-a984-5eff-f3f6-f9cdc14151f8,b48e7446-cf17-3171-276e-c83305f3ce76,a,a,true
a61b9c37-0c53-da32-ef84-60975e387848,b45c6079-9179-340c-6ad1-17430933f22a,a,d,false
ed6c5674-8b3a-89bf-8e53-7a11b26f74b5,b48e7446-cf17-3171-276e-c83305f3ce76,a,a,true
16073fc0-1b8d-aa37-6905-d63b6421c432,811fa459-5bcd-9e2e-f8d8-391c4f4507ad,d,d,true
c86958cd-bcae-39f2-145f-24ecbc180ad6,201922bd-bc6d-ada9-e842-643be22558f8,c,c,true
7de8e8a7-1af2-9965-4e34-ee460a674300,f668fe79-77f4-4d93-4069-2cb864a7c62e,b,b,true
d78295f1-f732-c2bb-3ac1-2b7694d299b6,f668fe79-77f4-4d93-4069-2cb864a7c62e,a,b,false
746749b8-1477-1545-3a7e-481d1b0ab831,e57b8a51-d2dc-dadc-edfe-6f7f5b3caa6d,d,d,true
01203682-4993-8f0e-b67d-8566614b24eb,811fa459-5bcd-9e2e-f8d8-391c4f4507ad,d,d,true
0d9be2ed-3dd9-1069-aee9-fedbf571e258,07223e8f-99f3-0531-1e1f-c54f6bf8f8d7,a,a,true
1376d48d-e654-1d00-49a7-958a37167c06,b45c6079-9179-340c-6ad1-17430933f22a,d,d,true
4fd22bbe-974f-c062-906b-b30ba2880370,7b096543-245c-709e-8433-3b08affd72b7,b,b,true
b7ae49f9-237d-a5c4-98b0-3731155c588e,989d68ee-4636-b9f4-eb5d-543258e1315a,d,d,true
cddae8a8-774c-1323-679d-c3288b28cc35,f668fe79-77f4-4d93-4069-2cb864a7c62e,b,b,true
a52cfded-1276-3d5c-d448-00ccc0d5b3e7,201922bd-bc6d-ada9-e842-643be22558f8,c,c,true
9617b0ee-b27b-e118-f2f1-e67d86c79104,b48e7446-cf17-3171-276e-c83305f3ce76,a,a,true
dbd50eb6-1e09-c2f0-cb7e-29a4c6e44871,b45c6079-9179-340c-6ad1-17430933f22a,d,d,true
f081c4c5-bdce-9752-f4ed-c87855f75b70,e57b8a51-d2dc-dadc-edfe-6f7f5b3caa6d,d,d,true
48e11d61-d8b2-3f48-a156-561839233569,7b096543-245c-709e-8433-3b08affd72b7,b,b,true
83f882de-60ea-dcda-7911-5acdead7a3c9,989d68ee-4636-b9f4-eb5d-543258e1315a,d,d,true
5d4473c5-9252-1f35-4efb-5d656b5aecdc,7b096543-245c-709e-8433-3b08affd72b7,b,b,true
67b370f1-24b0-1b1e-2039-b0a1af5afb99,f668fe79-77f4-4d93-4069-2cb864a7c62e,b,b,true
aa5f19b1-1692-b81c-d893-bb0fb7b0b2ee,b644e965-f0da-2073-fb42-10b50bd1d9ca,a,a,true
95772b2e-42fc-d02e-f7dc-be9867d05305,989d68ee-4636-b9f4-eb5d-543258e1315a,d,d,true
5d45d9ea-2cfa-4021-20a6-cd12b315b2fb,7b096543-245c-709e-8433-3b08affd72b7,b,b,true
a5031829-55f8-84f2-3197-52f1e2e649d9,b48e7446-cf17-3171-276e-c83305f3ce76,a,a,true
0fd96b89-32e0-8ad8-5189-2c4b73b54dd0,989d68ee-4636-b9f4-eb5d-543258e1315a,d,d,true
bbbfd116-d2f9-bdc6-51aa-6cf9ac416ac3,201922bd-bc6d-ada9-e842-643be22558f8,c,c,true
f53108b0-62cd-cd1a-5e95-5b2c7cf07726,b644e965-f0da-2073-fb42-10b50bd1d9ca,c,a,false
c6fb859a-a0f8-9e05-6b87-8f84aff61ba3,811fa459-5bcd-9e2e-f8d8-391c4f4507ad,a,d,false
c8b33a4c-7eed-a409-32af-8f190c9e7039,b48e7446-cf17-3171-276e-c83305f3ce76,a,a,true
f1bc02a0-6a73-efcf-d702-68a61e226359,7b096543-245c-709e-8433-3b08affd72b7,b,b,true
bf89f4d4-d191-1dcd-2dad-f3ccda4d3284,b48e7446-cf17-3171-276e-c83305f3ce76,a,a,true
e1a3f7ed-d83e-deff-858c-d86cf2c26a41,f668fe79-77f4-4d93-4069-2cb864a7c62e,b,b,true
53c11f62-0ff5-8412-630b-ab8b8ae644c5,811fa459-5bcd-9e2e-f8d8-391c4f4507ad,d,d,true
d92b0265-a963-2c15-0926-ee822901a153,07223e8f-99f3-0531-1e1f-c54f6bf8f8d7,b,a,false
cb2ab61e-fd40-8c23-5b32-fcbdaf0d91fc,b45c6079-9179-340c-6ad1-17430933f22a,d,d,true
78fa9eb3-f9f6-e676-60d0-336ae76a21a4,811fa459-5bcd-9e2e-f8d8-391c4f4507ad,d,d,true
0a41960b-ce10-6189-5920-60a108cd6be5,811fa459-5bcd-9e2e-f8d8-391c4f4507ad,b,d,false
9a5bd929-1035-561a-294e-f7e1615d3f06,201922bd-bc6d-ada9-e842-643be22558f8,c,c,true
6cf5cd4e-d513-c63b-7924-c55d9b85430a,f668fe79-77f4-4d93-4069-2cb864a7c62e,d,b,false
2708eb7a-064b-1a49-f72d-204676ac15ca,f668fe79-77f4-4d93-4069-2cb864a7c62e,b,b,true
ac255628-17ac-f763-fad8-0da475512592,f668fe79-77f4-4d93-4069-2cb864a7c62e,b,b,true
5d406150-99ff-8b69-3cf1-2444e55441ee,7b096543-245c-709e-8433-3b08affd72b7,c,b,false
3f94bad3-8b2b-2565-6fd7-27535d9b0780,f668fe79-77f4-4d93-4069-2cb864a7c62e,b,b,true
fad936bb-0200-eb62-fc1f-b37e9429c461,989d68ee-4636-b9f4-eb5d-543258e1315a,d,d,true
b02cf15d-fa05-745e-161b-034ee8a633f2,b48e7446-cf17-3171-276e-c83305f3ce76,a,a,true
0c1b4b75-0236-2ca8-4faa-76ef9127ac99,e57b8a51-d2dc-dadc-edfe-6f7f5b3caa6d,d,d,true
0c349a99-56ab-fac4-14b6-c7d4f1f17d53,b644e965-f0da-2073-fb42-10b50bd1d9ca,a,a,true
c0aa6725-6222-2a86-1064-7574db8965c7,201922bd-bc6d-ada9-e842-643be22558f8,c,c,true
c5431ae9-7373-c62b-e7cd-1063e4af6330,b48e7446-cf17-3171-276e-c83305f3ce76,b,a,false
8cc26334-5b70-3780-2602-2b18a99b5daa,f668fe79-77f4-4d93-4069-2cb864a7c62e,b,b,true
2eba6a05-bbf0-3d78-5995-8b497dac50a5,07223e8f-99f3-0531-1e1f-c54f6bf8f8d7,a,a,true
62fffc20-06a6-7414-c418-ab38d7c0bb6d,201922bd-bc6d-ada9-e842-643be22558f8,c,c,true
0b055b29-eb43-5248-0142-74d2a06414cd,07223e8f-99f3-0531-1e1f-c54f6bf8f8d7,a,a,true
52daa322-bc9c-a35b-1b2b-21fd949472f0,e57b8a51-d2dc-dadc-edfe-6f7f5b3caa6d,d,d,true
1779bb7a-6612-45e1-645e-2072bd6beaea,f668fe79-77f4-4d93-4069-2cb864a7c62e,b,b,true
a30ba3c6-e5a0-d9f4-44c2-8b5e3a152a07,989d68ee-4636-b9f4-eb5d-543258e1315a,d,d,true
e2878c9b-c847-9d6a-779c-af693b3c3e8b,989d68ee-4636-b9f4-eb5d-543258e1315a,d,d,true
a0ca70b1-cb64-a261-17ea-6862442852f6,f668fe79-77f4-4d93-4069-2cb864a7c62e,a,b,false
f5220286-73c4-849d-045c-c9f8647a8a4e,201922bd-bc6d-ada9-e842-643be22558f8,c,c,true
2ccc8ecb-a2e1-d8e9-fdae-b50e6627ebd5,201922bd-bc6d-ada9-e842-643be22558f8,c,c,true
3a276b46-2b79-4b30-c12e-370f166dd5b1,811fa459-5bcd-9e2e-f8d8-391c4f4507ad,d,d,true
3171dbca-1fff-b3bb-9e8d-4cc9610dc161,811fa459-5bcd-9e2e-f8d8-391c4f4507ad,d,d,true
b768c943-8817-b49f-fb66-0dff665bbea7,201922bd-bc6d-ada9-e842-643be22558f8,c,c,true
43675a5b-aba5-611e-662d-d79c2096204d,201922bd-bc6d-ada9-e842-643be22558f8,c,c,true
45ae24b5-0f22-3b2b-7049-d2350459d8fb,07223e8f-99f3-0531-1e1f-c54f6bf8f8d7,d,a,false
a660fd01-2727-0196-2990-f20e8e9caf24,b45c6079-9179-340c-6ad1-17430933f22a,d,d,true
7b252ee7-d705-d908-56ce-2de969997330,811fa459-5bcd-9e2e-f8d8-391c4f4507ad,d,d,true
84b90e6b-00b8-4260-0931-2b015463efa6,07223e8f-99f3-0531-1e1f-c54f6bf8f8d7,a,a,true
d165f2c3-ac7c-c77a-ff86-f924ea4190f7,b48e7446-cf17-3171-276e-c83305f3ce76,c,a,false
fc17f00b-5edd-6730-4a66-26f6d10f6ed8,b644e965-f0da-2073-fb42-10b50bd1d9ca,d,a,false
52169120-482c-c123-c701-24a6344cd587,b48e7446-cf17-3171-276e-c83305f3ce76,a,a,true
b6476344-2476-e1d5-426c-1e8a666d27f5,b48e7446-cf17-3171-276e-c83305f3ce76,a,a,true
d32cd977-953d-0ed8-5d70-52361987b023,201922bd-bc6d-ada9-e842-643be22558f8,c,c,true
5acba290-bd2b-fc0f-9b06-b673cd828e91,b45c6079-9179-340c-6ad1-17430933f22a,d,d,true
c21e32b9-1442-0b95-eeac-c88560e59a76,b45c6079-9179-340c-6ad1-17430933f22a,d,d,true
2954717e-c463-7dd8-1b4f-885a09c6bbca,201922bd-bc6d-ada9-e842-643be22558f8,c,c,true
57ab8baf-8f19-8d41-6997-6ac2e21f219b,201922bd-bc6d-ada9-e842-643be22558f8,c,c,true
5ee32303-1456-a476-faea-e556e4f74730,b45c6079-9179-340c-6ad1-17430933f22a,d,d,true
2b669b31-a1cd-5d6d-c791-847caccd3c2f,989d68ee-4636-b9f4-eb5d-543258e1315a,d,d,true
00eafda5-2fa8-293b-9a46-58362ad3d7b3,b644e965-f0da-2073-fb42-10b50bd1d9ca,a,a,true
73b67a1e-6c40-c073-a92d-3dcd9d14f833,b644e965-f0da-2073-fb42-10b50bd1d9ca,a,a,true
ad9a4b54-6e4b-5406-3f1e-d1fc24315b50,b45c6079-9179-340c-6ad1-17430933f22a,d,d,true
e8b66537-8f52-799d-503a-5cfbcb8d1b66,e57b8a51-d2dc-dadc-edfe-6f7f5b3caa6d,d,d,true
c8108d20-05b7-213d-60b0-0817d18a3001,b45c6079-9179-340c-6ad1-17430933f22a,d,d,true
7467b035-cff0-9cd7-6525-e2518328d671,7b096543-245c-709e-8433-3b08affd72b7,b,b,true
e3b59fd7-5d35-9f1b-510a-d723d8628c6c,b45c6079-9179-340c-6ad1-17430933f22a,d,d,true
bdc76f01-d1a8-d173-24ba-30b1907bb751,b644e965-f0da-2073-fb42-10b50bd1d9ca,a,a,true
35291a27-a038-9e3c-be88-2656ca540503,7b096543-245c-709e-8433-3b08affd72b7,b,b,true
d6e53799-9fef-f922-b8fe-177756cd1090,b644e965-f0da-2073-fb42-10b50bd1d9ca,a,a,true
fcda8996-9e84-8459-0c34-d10f8f89945e,811fa459-5bcd-9e2e-f8d8-391c4f4507ad,d,d,true
a08ec685-c5ec-dc38-5f69-a5f9e8ff45a9,989d68ee-4636-b9f4-eb5d-543258e1315a,d,d,true
acda5be0-f80b-e677-fb55-bad1da02eddc,7b096543-245c-709e-8433-3b08affd72b7,d,b,false
df373e08-d729-5652-a22d-d74740e25ade,b48e7446-cf17-3171-276e-c83305f3ce76,a,a,true
1ac7ed95-cde0-1eb6-1209-d83dd29fef9a,989d68ee-4636-b9f4-eb5d-543258e1315a,d,d,true
74bfaf20-814a-9090-e1c8-5abe9c798f8c,b45c6079-9179-340c-6ad1-17430933f22a,d,d,true
e7a9a05c-0433-5f26-8903-a8e372e468b4,201922bd-bc6d-ada9-e842-643be22558f8,c,c,true
aa1fb0b3-5271-b494-216e-0f173242421d,201922bd-bc6d-ada9-e842-643be22558f8,c,c,true
c68a2fa3-273e-be36-de11-68e56ded06b8,07223e8f-99f3-0531-1e1f-c54f6bf8f8d7,a,a,true
c0a864bd-a07a-bbfc-4dbe-ed27377d8a19,989d68ee-4636-b9f4-eb5d-543258e1315a,d,d,true
104bd9be-dc83-15f6-e52c-128aad9ccef4,f668fe79-77f4-4d93-4069-2cb864a7c62e,b,b,true
a0850a53-af32-a91c-4144-d65ec7a13a88,811fa459-5bcd-9e2e-f8d8-391c4f4507ad,d,d,true
16995032-e9ff-a9a1-5263-823dea60b024,b48e7446-cf17-3171-276e-c83305f3ce76,a,a,true
135540fd-d18e-9842-8701-5c95140144eb,7b096543-245c-709e-8433-3b08affd72b7,a,b,false
fbceac89-9047-c775-8e4b-afcc08d98467,811fa459-5bcd-9e2e-f8d8-391c4f4507ad,d,d,true
08f7888a-2d8d-fa06-022c-9fabc859cd0a,f668fe79-77f4-4d93-4069-2cb864a7c62e,b,b,true
8d81c4db-cfca-1cba-f10d-b765e9427fe1,b48e7446-cf17-3171-276e-c83305f3ce76,a,a,true
dfbcf53f-e0b7-493d-12a7-3628b1477dd4,f668fe79-77f4-4d93-4069-2cb864a7c62e,b,b,true
f8de0980-0796-d809-5236-3d6ab81a9fcb,7b096543-245c-709e-8433-3b08affd72b7,b,b,true
3d3a3e2e-f990-1db3-b6a9-68ef31528bfe,07223e8f-99f3-0531-1e1f-c54f6bf8f8d7,a,a,true
141073ef-0928-efd3-7e7e-12069df2b5f5,811fa459-5bcd-9e2e-f8d8-391c4f4507ad,d,d,true
30441e3e-6580-16c6-5c42-066d3e965525,811fa459-5bcd-9e2e-f8d8-391c4f4507ad,d,d,true
8749827e-1913-800e-0b53-54d6e9b6ab5d,201922bd-bc6d-ada9-e842-643be22558f8,d,c,false
2f01bc74-9b42-9433-e042-f9550c46f1ac,989d68ee-4636-b9f4-eb5d-543258e1315a,d,d,true
674ef5ec-7eed-9bd7-9c94-8e15558bdd8e,811fa459-5bcd-9e2e-f8d8-391c4f4507ad,d,d,true
6fef9f5e-b527-08d4-9c03-6957e6c17d9c,b48e7446-cf17-3171-276e-c83305f3ce76,a,a,true
643f4d90-fdf0-79f6-1484-02ff7afe1e9b,7b096543-245c-709e-8433-3b08affd72b7,b,b,true
80cd1ed9-0e51-b0fb-1315-0eb59415a418,b644e965-f0da-2073-fb42-10b50bd1d9ca,a,a,true
700c402e-b79b-b613-0de2-43620b987f73,07223e8f-99f3-0531-1e1f-c54f6bf8f8d7,a,a,true
f164acd0-0634-a7c0-c2ca-17ce618691f0,7b096543-245c-709e-8433-3b08affd72b7,b,b,true
a5f06abb-976e-7e0f-5efa-87b5ce9dac67,811fa459-5bcd-9e2e-f8d8-391c4f4507ad,d,d,true
23df4883-6501-750e-63b7-547a5f206011,b48e7446-cf17-3171-276e-c83305f3ce76,a,a,true
ae910b4e-5961-7878-5e27-5c3900c29006,e57b8a51-d2dc-dadc-edfe-6f7f5b3caa6d,d,d,true
84c9d620-b6e2-2bb5-a92d-fd09003b0b2e,811fa459-5bcd-9e2e-f8d8-391c4f4507ad,d,d,true
0eb337a5-77aa-2be8-c263-d464a5733b8f,989d68ee-4636-b9f4-eb5d-543258e1315a,d,d,true
224eb921-c35e-5671-3b1e-4a57771ebe25,201922bd-bc6d-ada9-e842-643be22558f8,c,c,true
70bb28bc-dbd0-fbf7-b90a-89f5bb00a6cc,989d68ee-4636-b9f4-eb5d-543258e1315a,d,d,true
1ee5f7b7-2160-9854-7b39-88b3122e6cac,811fa459-5bcd-9e2e-f8d8-391c4f4507ad,d,d,true
cbfda5d8-3ae0-bb64-b777-7934402900da,201922bd-bc6d-ada9-e842-643be22558f8,c,c,true
b17591e4-d3e4-1ced-4c1b-6bc0c0bb0621,b644e965-f0da-2073-fb42-10b50bd1d9ca,a,a,true
0026e598-3cc4-2abd-1046-5f5b75fb7546,b45c6079-9179-340c-6ad1-17430933f22a,d,d,true
ae9d6130-da78-69a9-49e1-99fd8728c154,b45c6079-9179-340c-6ad1-17430933f22a,d,d,true
4c357aec-80d5-3e28-10a8-b65327001256,e57b8a51-d2dc-dadc-edfe-6f7f5b3caa6d,d,d,true
775d9a19-dbc0-a9d9-e245-88f1386791b3,e57b8a51-d2dc-dadc-edfe-6f7f5b3caa6d,d,d,true
43873f2a-f2fa-8cde-092b-4453caf73c3b,b644e965-f0da-2073-fb42-10b50bd1d9ca,a,a,true
f455f0b7-2e27-a712-ee91-6128e27b017a,e57b8a51-d2dc-dadc-edfe-6f7f5b3caa6d,d,d,true
c5da13c1-4ad3-4625-ca53-5c4970e190f7,b48e7446-cf17-3171-276e-c83305f3ce76,a,a,true
a4738d36-08ca-a9f3-811f-575dab620cf8,989d68ee-4636-b9f4-eb5d-543258e1315a,d,d,true
750e4f42-3846-37c7-d744-3dad8c7240d1,989d68ee-4636-b9f4-eb5d-543258e1315a,d,d,true
b03c775f-26d0-92bb-b53c-5b1137912c63,811fa459-5bcd-9e2e-f8d8-391c4f4507ad,d,d,true
c79d6126-34b4-5e0c-9fd0-f2390a285ccc,811fa459-5bcd-9e2e-f8d8-391c4f4507ad,d,d,true
a89a44d6-476e-ddde-2957-8f2469760967,b45c6079-9179-340c-6ad1-17430933f22a,d,d,true
f50f7f9b-ae58-4e9c-1aef-5e5757a50203,07223e8f-99f3-0531-1e1f-c54f6bf8f8d7,a,a,true
c6d3c554-d94d-5edc-6d4b-bd466214e33e,07223e8f-99f3-0531-1e1f-c54f6bf8f8d7,a,a,true
e9974528-34ff-d682-9a7d-dc25a572543a,e57b8a51-d2dc-dadc-edfe-6f7f5b3caa6d,d,d,true
c3cd253c-1dd8-0d29-07ce-89a81cc67131,f668fe79-77f4-4d93-4069-2cb864a7c62e,b,b,true
d9d71d86-5590-da6d-e7f7-bcfad019922c,07223e8f-99f3-0531-1e1f-c54f6bf8f8d7,a,a,true
e9b905dc-1ede-da9d-b8cd-6c5147ba86ed,989d68ee-4636-b9f4-eb5d-543258e1315a,a,d,false
6bf3c8d9-5e7d-fb1e-2f0b-efbfe5087d68,201922bd-bc6d-ada9-e842-643be22558f8,a,c,false
7d855d25-5ef3-d26f-82fb-6c477644270e,b45c6079-9179-340c-6ad1-17430933f22a,d,d,true
4231645e-051f-5f9d-bed4-0a3e35a82a45,989d68ee-4636-b9f4-eb5d-543258e1315a,d,d,true
68adcca9-8efa-20be-2362-4ad8f36968a3,f668fe79-77f4-4d93-4069-2cb864a7c62e,c,b,false
abeedbc5-33e0-e916-3c00-c896a972d51a,989d68ee-4636-b9f4-eb5d-543258e1315a,d,d,true
6ddf0268-cfb3-570e-33c5-75d6f8de4fa5,f668fe79-77f4-4d93-4069-2cb864a7c62e,c,b,false
398e43d5-65c1-988d-f5c9-c1f51c7a4d46,e57b8a51-d2dc-dadc-edfe-6f7f5b3caa6d,d,d,true
932f4b25-2028-4275-10d8-f4c739d86dc4,b48e7446-cf17-3171-276e-c83305f3ce76,a,a,true
ca13ea1f-dedc-c694-c775-60712db7e647,989d68ee-4636-b9f4-eb5d-543258e1315a,d,d,true
6f3604da-5073-6c3b-7425-f12e07367b2e,811fa459-5bcd-9e2e-f8d8-391c4f4507ad,d,d,true
c3938814-5b88-f24e-f0ec-ffc882f71fd5,b48e7446-cf17-3171-276e-c83305f3ce76,d,a,false
bd05be96-e57e-478e-a12c-8fcf984bf971,7b096543-245c-709e-8433-3b08affd72b7,b,b,true
2e07dc7c-87b8-70a3-b13e-0a4da51ce2ab,7b096543-245c-709e-8433-3b08affd72b7,b,b,true
fc7895ba-c8a9-8f6d-be2d-326ae3524c2b,811fa459-5bcd-9e2e-f8d8-391c4f4507ad,d,d,true
29453d3a-e735-91fc-b128-e9abe4fa1aa6,201922bd-bc6d-ada9-e842-643be22558f8,c,c,true
5ced0fae-1df7-a773-1002-694e71976149,989d68ee-4636-b9f4-eb5d-543258e1315a,d,d,true
2cf38200-d652-0fb9-0479-938e64fa5765,07223e8f-99f3-0531-1e1f-c54f6bf8f8d7,a,a,true
2acd436e-4f12-08f8-efb4-a7d976252439,e57b8a51-d2dc-dadc-edfe-6f7f5b3caa6d,d,d,true
ced4771d-f6f2-ce8b-b84b-1bc74f1b7ebf,b48e7446-cf17-3171-276e-c83305f3ce76,a,a,true
25ea369d-0d88-de05-11e8-ddca125085a3,f668fe79-77f4-4d93-4069-2cb864a7c62e,a,b,false
6353db25-fa92-9bdc-9342-ec4b2e52e617,b644e965-f0da-2073-fb42-10b50bd1d9ca,c,a,false
9044b756-204a-c5a2-52e6-939ea6f2bf38,b45c6079-9179-340c-6ad1-17430933f22a,d,d,true
7bbc523f-e952-015c-58e5-b2ca051252e5,b48e7446-cf17-3171-276e-c83305f3ce76,a,a,true
18900bbe-4471-cd01-3f5b-4da0c29ef025,b644e965-f0da-2073-fb42-10b50bd1d9ca,c,a,false
acdbd558-e7df-7950-328f-467b522fffa1,e57b8a51-d2dc-dadc-edfe-6f7f5b3caa6d,d,d,true
eeb1a3a9-1de4-2413-b6df-8748d7a782b5,b48e7446-cf17-3171-276e-c83305f3ce76,c,a,false
600d82b3-e32d-8d3f-5f8f-5b36981e8c07,07223e8f-99f3-0531-1e1f-c54f6bf8f8d7,a,a,true
54dd65de-a4f8-ebd3-e0c2-ea62838121a0,b48e7446-cf17-3171-276e-c83305f3ce76,a,a,true
da0a745b-6f1b-2882-ad2c-bc4fbecc40a3,b644e965-f0da-2073-fb42-10b50bd1d9ca,a,a,true
b7a63b48-dcf5-144a-d30c-1d92bcf48f42,989d68ee-4636-b9f4-eb5d-543258e1315a,d,d,true
b2aa804c-ec8b-244e-cf05-cf2723db4d39,201922bd-bc6d-ada9-e842-643be22558f8,b,c,false
0a8024de-eff4-914a-f453-27a439b5e6e3,b45c6079-9179-340c-6ad1-17430933f22a,d,d,true
b1ddd88a-0ee7-ce25-5ac7-0a4a83c5558a,811fa459-5bcd-9e2e-f8d8-391c4f4507ad,d,d,true
1a85fdeb-00ca-4274-b801-c34df185037b,989d68ee-4636-b9f4-eb5d-543258e1315a,d,d,true
c60b9c71-593f-4b8c-2b8a-4317ca8b31e5,7b096543-245c-709e-8433-3b08affd72b7,b,b,true
c8d06a74-98f2-f2ca-fb1c-e5b25cdcabaa,e57b8a51-d2dc-dadc-edfe-6f7f5b3caa6d,d,d,true
bf6b98ff-f884-79ff-cf1a-db22c2c760d4,b45c6079-9179-340c-6ad1-17430933f22a,d,d,true
b807691a-8dd7-74ce-18a5-fcdcb360c89f,07223e8f-99f3-0531-1e1f-c54f6bf8f8d7,a,a,true
94756dbf-146a-8c44-2bad-54db3ce97b3b,07223e8f-99f3-0531-1e1f-c54f6bf8f8d7,a,a,true
c8301e78-048b-b8ad-006e-0c084f691b76,b48e7446-cf17-3171-276e-c83305f3ce76,a,a,true
5cc88892-630e-432c-e17f-6ba5faf71631,07223e8f-99f3-0531-1e1f-c54f6bf8f8d7,a,a,true
3dbeb977-fe3a-a266-22ba-29646e1a6493,e57b8a51-d2dc-dadc-edfe-6f7f5b3caa6d,d,d,true
c3d085d6-e3a7-4920-3fda-d2e30fa7986b,b45c6079-9179-340c-6ad1-17430933f22a,d,d,true
0064b73a-491f-d6f9-ccb0-59bf2ca8a4d5,b644e965-f0da-2073-fb42-10b50bd1d9ca,a,a,true
8424a261-89d7-b3e6-4dfb-2e3dcbd1a221,201922bd-bc6d-ada9-e842-643be22558f8,c,c,true
d3f43f66-763d-a65d-fdbc-cc73e11b4429,07223e8f-99f3-0531-1e1f-c54f6bf8f8d7,a,a,true
cf1c69d2-a766-8d3b-ecb9-52e26b48c0a2,b644e965-f0da-2073-fb42-10b50bd1d9ca,c,a,false
efb4b72d-075c-0ac2-c682-8f641d57c603,811fa459-5bcd-9e2e-f8d8-391c4f4507ad,d,d,true
d0f185e4-22dd-b711-6572-70bfd751347c,7b096543-245c-709e-8433-3b08affd72b7,d,b,false
ca0368c3-beea-796d-7850-1f80965c19d6,201922bd-bc6d-ada9-e842-643be22558f8,c,c,true
1c56edb2-5da3-e2f4-41e5-f1330d1f5b2a,201922bd-bc6d-ada9-e842-643be22558f8,c,c,true
58662869-bb42-7595-3851-61808eaff5d6,201922bd-bc6d-ada9-e842-643be22558f8,c,c,true
857a1ee1-020b-46cf-158e-2afe6c966ceb,201922bd-bc6d-ada9-e842-643be22558f8,c,c,true
77925a93-1614-f769-4342-4f775540cd1f,b644e965-f0da-2073-fb42-10b50bd1d9ca,b,a,false
a098311f-8619-78af-a1a3-49229fecd911,b48e7446-cf17-3171-276e-c83305f3ce76,a,a,true
8056ed3c-de7e-259b-8884-c052213a057f,811fa459-5bcd-9e2e-f8d8-391c4f4507ad,d,d,true
712a7dd4-3c4a-ae21-f900-62837c89d929,b48e7446-cf17-3171-276e-c83305f3ce76,a,a,true
42091bb9-ea28-3ce0-4c29-fe9486c7ac01,b45c6079-9179-340c-6ad1-17430933f22a,d,d,true
8da0be02-f986-1b69-9ccc-87cc62f2e647,7b096543-245c-709e-8433-3b08affd72b7,b,b,true
177c45bb-6005-bc75-ec6e-0e4817b188ec,201922bd-bc6d-ada9-e842-643be22558f8,c,c,true
74c96fc6-7a62-0d5f-be68-900d0dfc870c,7b096543-245c-709e-8433-3b08affd72b7,b,b,true
2bd62550-eaff-a709-6fef-294a27d2645c,07223e8f-99f3-0531-1e1f-c54f6bf8f8d7,a,a,true
cc156aaa-882b-8500-18ba-6e53fdb6b24d,e57b8a51-d2dc-dadc-edfe-6f7f5b3caa6d,d,d,true
70f3fb2f-ff5e-02d0-0cf9-a931ff33ba6a,201922bd-bc6d-ada9-e842-643be22558f8,c,c,true
07e7b6ba-17e0-b3e3-664e-8921af29b064,811fa459-5bcd-9e2e-f8d8-391c4f4507ad,d,d,true
1b50a1de-b961-69c2-7f4a-e64fc20a7e3e,e57b8a51-d2dc-dadc-edfe-6f7f5b3caa6d,d,d,true
f8296d1b-0758-2d95-6786-f3191e8200d5,7b096543-245c-709e-8433-3b08affd72b7,b,b,true
9fcf31b9-b231-2665-77aa-621ea1b16b0f,e57b8a51-d2dc-dadc-edfe-6f7f5b3caa6d,d,d,true
77032af8-c37a-3b6e-aa64-2c896f0edd0e,811fa459-5bcd-9e2e-f8d8-391c4f4507ad,d,d,true
19723523-4032-44a4-6d3c-ccbb713323e5,07223e8f-99f3-0531-1e1f-c54f6bf8f8d7,a,a,true
f92afb44-ea96-a561-ab83-c2170ad31ae8,b48e7446-cf17-3171-276e-c83305f3ce76,a,a,true
9dfef631-a369-1d7b-6e0f-701bfa378060,07223e8f-99f3-0531-1e1f-c54f6bf8f8d7,a,a,true
d1199f5f-cb42-335e-b244-2fe9a28cfbb2,201922bd-bc6d-ada9-e842-643be22558f8,c,c,true
b7e99532-d988-4eae-6404-dcf4fb472025,f668fe79-77f4-4d93-4069-2cb864a7c62e,b,b,true
7798aba0-ad41-7651-be07-1733442ebdf2,b45c6079-9179-340c-6ad1-17430933f22a,d,d,true
ab909e25-e590-f8aa-be95-54173da7109b,989d68ee-4636-b9f4-eb5d-543258e1315a,d,d,true
62cf1125-5569-1562-0a9a-2fb94e5f7747,b48e7446-cf17-3171-276e-c83305f3ce76,a,a,true
ddd76e4f-05ea-c977-82f7-348436acde67,07223e8f-99f3-0531-1e1f-c54f6bf8f8d7,a,a,true
b00a806e-a8c5-a4aa-1b7a-4457ac33b480,811fa459-5bcd-9e2e-f8d8-391c4f4507ad,d,d,true
bfd6f6ad-b803-7347-9ecd-bc1b1142dd19,811fa459-5bcd-9e2e-f8d8-391c4f4507ad,d,d,true
3162424a-4b92-7489-0ab6-e6912609fb64,e57b8a51-d2dc-dadc-edfe-6f7f5b3caa6d,a,d,false
9e225c97-f972-16fa-9d86-b27626b9a94b,b644e965-f0da-2073-fb42-10b50bd1d9ca,a,a,true
3307a2b5-9b8c-4f89-2d97-84bf9e527f3a,811fa459-5bcd-9e2e-f8d8-391c4f4507ad,d,d,true
bd2a9116-ee15-273b-0feb-c7b302df5a1b,b644e965-f0da-2073-fb42-10b50bd1d9ca,a,a,true
72ceb721-ffa5-a315-c825-d7be5070c2cb,e57b8a51-d2dc-dadc-edfe-6f7f5b3caa6d,d,d,true
938547f5-ee50-43d2-f6e7-71ca9efdfb8c,989d68ee-4636-b9f4-eb5d-543258e1315a,d,d,true
b1fb9836-5f3a-a28e-d8f6-8bccd61e1ffc,811fa459-5bcd-9e2e-f8d8-391c4f4507ad,d,d,true
6cbbc73e-c411-7617-582c-8586e78327b9,b45c6079-9179-340c-6ad1-17430933f22a,d,d,true
fbb11d61-4fed-44ff-7c6f-276cfe9a9ff3,201922bd-bc6d-ada9-e842-643be22558f8,c,c,true
46116783-9f5a-e121-5332-4fe01d7c37ae,b48e7446-cf17-3171-276e-c83305f3ce76,a,a,true
ba615fc7-1dd4-6036-fec8-013065483a47,811fa459-5bcd-9e2e-f8d8-391c4f4507ad,d,d,true
e04bf004-6f33-42a2-c8ac-0da59461ab67,07223e8f-99f3-0531-1e1f-c54f6bf8f8d7,a,a,true
114d13a9-493d-747f-1ad0-ecf9e547912f,07223e8f-99f3-0531-1e1f-c54f6bf8f8d7,a,a,true
b8be08fd-4d82-f146-993c-b49941d89192,e57b8a51-d2dc-dadc-edfe-6f7f5b3caa6d,d,d,true
b08a5f81-9b3e-56a0-bdc0-fe11d2b71388,e57b8a51-d2dc-dadc-edfe-6f7f5b3caa6d,d,d,true
93333b02-4ccc-b7bb-2720-33861aca8edf,07223e8f-99f3-0531-1e1f-c54f6bf8f8d7,a,a,true
f1211ed8-93ad-f129-02f1-1c105e5c364a,b644e965-f0da-2073-fb42-10b50bd1d9ca,d,a,false
28e60d9a-c612-842b-1c6b-31b7be809082,989d68ee-4636-b9f4-eb5d-543258e1315a,d,d,true
8f1cca34-f359-04fa-4a69-5b0ae7bd98b2,811fa459-5bcd-9e2e-f8d8-391c4f4507ad,d,d,true
4b597e6d-8d72-69b0-153a-58536a03305d,b644e965-f0da-2073-fb42-10b50bd1d9ca,a,a,true
f7fceb15-e85f-8f5a-71df-25c58bb6cd94,e57b8a51-d2dc-dadc-edfe-6f7f5b3caa6d,d,d,true
17c9f2b7-9b79-b5c6-a7a4-edee647402c7,b48e7446-cf17-3171-276e-c83305f3ce76,a,a,true
80aa90d7-4ac4-a399-d3a4-123aa20372d6,7b096543-245c-709e-8433-3b08affd72b7,b,b,true
c263f9ac-3f43-f482-c9d6-a0080ae62ab6,e57b8a51-d2dc-dadc-edfe-6f7f5b3caa6d,b,d,false
99387f8d-8ce6-e998-b2f4-0560d3629bfb,201922bd-bc6d-ada9-e842-643be22558f8,c,c,true
598787a8-5c1b-b3e2-a1ab-3ef3d71652a7,b45c6079-9179-340c-6ad1-17430933f22a,d,d,true
b66b9e96-fd3d-1d24-7567-6609419a197b,b48e7446-cf17-3171-276e-c83305f3ce76,a,a,true
9b2cd00f-f760-56b8-3dcb-a6111a47094a,b45c6079-9179-340c-6ad1-17430933f22a,d,d,true
f1d6b7ae-2160-eb54-6cde-38705125885c,e57b8a51-d2dc-dadc-edfe-6f7f5b3caa6d,d,d,true
231f0734-a5b9-d709-e80b-8f372094de90,201922bd-bc6d-ada9-e842-643be22558f8,c,c,true
def19dde-4a7a-184f-31e3-8a47ea99f4d5,07223e8f-99f3-0531-1e1f-c54f6bf8f8d7,a,a,true
fc9d37be-9aef-8d7a-1f93-8650502223e4,b45c6079-9179-340c-6ad1-17430933f22a,d,d,true
28d1f06a-a6fd-4cf1-1771-360afe167a2c,b48e7446-cf17-3171-276e-c83305f3ce76,a,a,true
cd4d88d8-225a-afaf-b993-fe6245740a31,b45c6079-9179-340c-6ad1-17430933f22a,d,d,true
7e550eff-000e-a6fe-3dd7-f59952db2866,f668fe79-77f4-4d93-4069-2cb864a7c62e,b,b,true
18ae9bb1-385d-34c9-6867-c798c3a53300,201922bd-bc6d-ada9-e842-643be22558f8,c,c,true
22ba2ecc-5e5e-01b2-9901-239108ec6220,b48e7446-cf17-3171-276e-c83305f3ce76,a,a,true
1cfac5c3-f89e-6e67-f5b8-0e2b97a69f69,989d68ee-4636-b9f4-eb5d-543258e1315a,d,d,true
a5679557-a3d3-555d-3df0-5bd2860a1a40,989d68ee-4636-b9f4-eb5d-543258e1315a,d,d,true
6f552b8d-e89f-6ab7-156c-9102fd4ea858,201922bd-bc6d-ada9-e842-643be22558f8,c,c,true
5e31fea1-b4bc-1798-9087-f16a3bfa43c0,811fa459-5bcd-9e2e-f8d8-391c4f4507ad,d,d,true
726ae585-8777-4f88-76f5-2f3d2c044835,e57b8a51-d2dc-dadc-edfe-6f7f5b3caa6d,d,d,true
e8f6a002-85b0-b5f3-aa5a-b278a6ee37fd,e57b8a51-d2dc-dadc-edfe-6f7f5b3caa6d,d,d,true
67e56e2f-bac8-c61b-fbaa-c3eb98b75eea,e57b8a51-d2dc-dadc-edfe-6f7f5b3caa6d,d,d,true
bfde74ac-4d41-2e57-29fd-15a428a15036,811fa459-5bcd-9e2e-f8d8-391c4f4507ad,d,d,true
01db54e0-5261-f67e-bd62-7e723d708afd,07223e8f-99f3-0531-1e1f-c54f6bf8f8d7,a,a,true
b517be99-e5bb-87bf-5d0d-e19bd52df75b,7b096543-245c-709e-8433-3b08affd72b7,b,b,true
c5ab1c48-7b7b-60b4-8d09-4d42648d2ebf,b45c6079-9179-340c-6ad1-17430933f22a,d,d,true
9e80e3a3-7536-6035-be5e-5cc2f43cab24,7b096543-245c-709e-8433-3b08affd72b7,b,b,true
d164334b-a1e4-7959-0b65-d7aaeb1bdf37,b45c6079-9179-340c-6ad1-17430933f22a,d,d,true
e132fdfa-e74a-9227-c9d5-61a2ae7e6091,b48e7446-cf17-3171-276e-c83305f3ce76,a,a,true
eb75dedb-1e94-154b-75e9-b34b1b040115,7b096543-245c-709e-8433-3b08affd72b7,b,b,true
d9c11921-4701-22cd-62e7-6bf4ea7e92eb,989d68ee-4636-b9f4-eb5d-543258e1315a,d,d,true
ce54a657-80a7-1d25-4ba6-3b596245a232,b45c6079-9179-340c-6ad1-17430933f22a,d,d,true
ef6950bb-bd88-860d-ee9f-fde010cd1a98,b644e965-f0da-2073-fb42-10b50bd1d9ca,a,a,true
40b8cf73-e125-0a68-41c1-1ac0c5360cba,b45c6079-9179-340c-6ad1-17430933f22a,d,d,true
2281ee6c-b798-2713-693d-521711f381fb,989d68ee-4636-b9f4-eb5d-543258e1315a,d,d,true
52b63a62-ea34-fe95-e628-19325d442f5e,b644e965-f0da-2073-fb42-10b50bd1d9ca,b,a,false
a8513741-405f-806e-89d5-87f235f5af99,07223e8f-99f3-0531-1e1f-c54f6bf8f8d7,a,a,true
4ab19168-044b-8b61-3e38-b76dfcf8c4b1,b644e965-f0da-2073-fb42-10b50bd1d9ca,a,a,true
c3431621-c1b8-f942-4035-6e619a18b57b,7b096543-245c-709e-8433-3b08affd72b7,b,b,true
434f3063-30f2-f05f-5ee1-e6a5d81256e9,201922bd-bc6d-ada9-e842-643be22558f8,c,c,true
07cc9c1a-899c-f379-5810-8c07fd214c35,f668fe79-77f4-4d93-4069-2cb864a7c62e,b,b,true
ea180294-d7d7-c2f1-7dea-b04e803c1575,b644e965-f0da-2073-fb42-10b50bd1d9ca,a,a,true
894d0100-56c3-f756-4741-fd53f662ada2,e57b8a51-d2dc-dadc-edfe-6f7f5b3caa6d,d,d,true
6a1c7091-2a16-fc82-b99e-2b4d5ace5e98,b644e965-f0da-2073-fb42-10b50bd1d9ca,a,a,true
de362b19-6fce-b870-1cdb-cd0b32cb0e1e,f668fe79-77f4-4d93-4069-2cb864a7c62e,b,b,true
3615f5bc-eb71-c3a5-3ff7-e4b57b6cb16f,f668fe79-77f4-4d93-4069-2cb864a7c62e,b,b,true
82f3c5e4-f71f-1c93-f7f0-3f428a393f28,07223e8f-99f3-0531-1e1f-c54f6bf8f8d7,d,a,false
5e4e1b0f-6dc1-7f09-b194-7c1bcd830c90,f668fe79-77f4-4d93-4069-2cb864a7c62e,b,b,true
25e964a8-7f79-4542-98e2-8d6c8ccca842,989d68ee-4636-b9f4-eb5d-543258e1315a,d,d,true
3ebb3e8e-53c3-d546-37f3-de0127cf097f,7b096543-245c-709e-8433-3b08affd72b7,b,b,true
4d45468a-7881-164b-225e-4d6e12a21c28,e57b8a51-d2dc-dadc-edfe-6f7f5b3caa6d,d,d,true
d47619c4-28e1-d09b-b0ae-d783da73e469,b644e965-f0da-2073-fb42-10b50bd1d9ca,a,a,true
6818dd98-3692-1771-cd67-d15e265e9e0e,811fa459-5bcd-9e2e-f8d8-391c4f4507ad,d,d,true
ee6bf064-c13d-2e56-5427-0b6672867222,f668fe79-77f4-4d93-4069-2cb864a7c62e,b,b,true
a9062481-c960-c7fa-f095-21bd933e8705,b48e7446-cf17-3171-276e-c83305f3ce76,a,a,true
64d06674-dee5-da4f-fb06-54b21631bdc3,b48e7446-cf17-3171-276e-c83305f3ce76,a,a,true
4f00d4d4-78d6-e933-3d19-4417648f29a9,b644e965-f0da-2073-fb42-10b50bd1d9ca,a,a,true
065aebc7-856a-2f52-c97e-94b971e97cec,7b096543-245c-709e-8433-3b08affd72b7,b,b,true
4c628e6d-8e4a-80db-03e2-f80b7c9d874f,989d68ee-4636-b9f4-eb5d-543258e1315a,d,d,true
cb3e375f-8bd8-2a9a-ca5a-4de7a8dde951,811fa459-5bcd-9e2e-f8d8-391c4f4507ad,d,d,true
60ddd541-c778-8030-8716-0ecbbc2c3c6c,e57b8a51-d2dc-dadc-edfe-6f7f5b3caa6d,d,d,true
0ef3f6a3-549a-35fb-9db0-7ac7127680dd,b48e7446-cf17-3171-276e-c83305f3ce76,a,a,true
525f6ed6-aafb-5095-77ea-2b40c181d453,7b096543-245c-709e-8433-3b08affd72b7,b,b,true
65aa2b24-6df9-bf9e-5aa4-7d0bad6529a6,07223e8f-99f3-0531-1e1f-c54f6bf8f8d7,a,a,true
df95b59a-ceda-d537-284d-2d9855dee612,b644e965-f0da-2073-fb42-10b50bd1d9ca,a,a,true
7cfd246a-4aed-52b3-f550-e37acaf4d0b5,07223e8f-99f3-0531-1e1f-c54f6bf8f8d7,a,a,true
a13ad9b2-9dc8-ea4a-9c62-8770f054c86b,811fa459-5bcd-9e2e-f8d8-391c4f4507ad,d,d,true
50a52e57-a12f-8161-1154-a13768f2e767,7b096543-245c-709e-8433-3b08affd72b7,b,b,true
48ebeb28-70df-62bc-2115-34b98563489b,b45c6079-9179-340c-6ad1-17430933f22a,d,d,true
37c2d32a-9e60-2f0c-110e-ed8fa4d3d526,811fa459-5bcd-9e2e-f8d8-391c4f4507ad,d,d,true
0ffd58c1-b918-5493-7a8d-7391a2a26d64,f668fe79-77f4-4d93-4069-2cb864a7c62e,b,b,true
0be86d64-9d9b-6b95-14eb-19a6039b7b06,811fa459-5bcd-9e2e-f8d8-391c4f4507ad,d,d,true
88fc8c9a-4cd6-8599-5c5f-2f5946844020,f668fe79-77f4-4d93-4069-2cb864a7c62e,b,b,true
813adbca-5594-4d1a-3a01-4cf4e89fe710,811fa459-5bcd-9e2e-f8d8-391c4f4507ad,d,d,true
1c3ead69-61f1-d982-83e4-d15a3d308272,811fa459-5bcd-9e2e-f8d8-391c4f4507ad,d,d,true
3d698d18-7801-159b-7231-41933c6e4863,811fa459-5bcd-9e2e-f8d8-391c4f4507ad,d,d,true
b79a874b-8140-15da-8cfe-9178b082b918,b45c6079-9179-340c-6ad1-17430933f22a,d,d,true
5e2042a0-e85d-31ed-5e6a-7aaa9bedc652,811fa459-5bcd-9e2e-f8d8-391c4f4507ad,d,d,true
7f415297-705a-033f-9e8e-56c8e659bc24,07223e8f-99f3-0531-1e1f-c54f6bf8f8d7,a,a,true
454c08a8-f8f0-6c90-a208-9a51d3298944,201922bd-bc6d-ada9-e842-643be22558f8,c,c,true
84eaf0d4-b697-7553-1e75-d9043d9a5f3b,f668fe79-77f4-4d93-4069-2cb864a7c62e,b,b,true
d913b4a5-369d-6212-26e5-06d704e408e1,201922bd-bc6d-ada9-e842-643be22558f8,c,c,true
2c4da518-b54c-8c50-fc26-d9b1e525e4f0,b48e7446-cf17-3171-276e-c83305f3ce76,c,a,false
601e81c8-16bc-b622-1ae6-6b52590eda14,b48e7446-cf17-3171-276e-c83305f3ce76,a,a,true
fb4aef45-0220-11b4-6e0b-456391797e45,b48e7446-cf17-3171-276e-c83305f3ce76,a,a,true
00b879ff-9a17-f8de-849b-c23e2eb6df25,b48e7446-cf17-3171-276e-c83305f3ce76,a,a,true
236709d7-4120-9a03-e417-6491beafe469,989d68ee-4636-b9f4-eb5d-543258e1315a,d,d,true
4abe6b38-096b-0a7d-621d-48ac3287551d,811fa459-5bcd-9e2e-f8d8-391c4f4507ad,d,d,true
b509d6a1-b00c-d7cc-41e6-349f97935d82,b48e7446-cf17-3171-276e-c83305f3ce76,a,a,true
d362614d-311a-d7cb-9ae2-f4e3038913ad,201922bd-bc6d-ada9-e842-643be22558f8,c,c,true
19279b94-abfa-10d3-3fdd-6601e8b8a388,201922bd-bc6d-ada9-e842-643be22558f8,c,c,true
b959afd0-b0ff-dbb9-0633-f1381bd5eeaa,f668fe79-77f4-4d93-4069-2cb864a7c62e,b,b,true
af9a1fd5-6e48-4aca-566f-f464b1ce0383,07223e8f-99f3-0531-1e1f-c54f6bf8f8d7,a,a,true
f753cec3-9082-916e-ef46-4712f82f67a5,201922bd-bc6d-ada9-e842-643be22558f8,c,c,true
3a5601f4-51cc-b3e2-2621-cee0cc70535e,201922bd-bc6d-ada9-e842-643be22558f8,c,c,true
095f9b6b-d2ec-349c-cd46-3a8b984f3b93,b48e7446-cf17-3171-276e-c83305f3ce76,a,a,true
d89de6a7-f1e5-e086-74b2-a18e40904cbb,07223e8f-99f3-0531-1e1f-c54f6bf8f8d7,a,a,true
b6883730-428c-aeb1-fc99-700bcf2808f8,b48e7446-cf17-3171-276e-c83305f3ce76,a,a,true
dbc82e24-084f-d8b5-f62e-9ebd57f6fc59,b45c6079-9179-340c-6ad1-17430933f22a,b,d,false
0a454cee-3b51-adcb-75ab-44d149809d96,811fa459-5bcd-9e2e-f8d8-391c4f4507ad,d,d,true
bbec47fd-0f1e-02a6-dab7-ab0e39b0a8e1,b45c6079-9179-340c-6ad1-17430933f22a,d,d,true
48d3b30d-69ff-e676-9721-d44689c2e019,e57b8a51-d2dc-dadc-edfe-6f7f5b3caa6d,d,d,true
b14cffa3-fad8-c292-2c8f-2998ed69d62b,201922bd-bc6d-ada9-e842-643be22558f8,c,c,true
13161c2c-7552-d712-afff-ba2e22f55cc6,f668fe79-77f4-4d93-4069-2cb864a7c62e,b,b,true
191632a8-b910-5116-412b-5fe8d827cfb2,989d68ee-4636-b9f4-eb5d-543258e1315a,d,d,true
b26908cb-f1bb-b1d3-67b4-299ed9acc7bf,b48e7446-cf17-3171-276e-c83305f3ce76,a,a,true
55bde964-225b-7e14-14bd-8277738ad8d4,07223e8f-99f3-0531-1e1f-c54f6bf8f8d7,a,a,true
93550f7b-a9b2-f6d1-7602-38dff59a8f26,811fa459-5bcd-9e2e-f8d8-391c4f4507ad,d,d,true
d27f02bc-27b3-70ca-6b8c-3fc3ffd9b1b5,f668fe79-77f4-4d93-4069-2cb864a7c62e,b,b,true
d6cb2822-c8b2-63a0-20ae-0309e1fb8c0c,f668fe79-77f4-4d93-4069-2cb864a7c62e,b,b,true
fdce2c1e-5fb2-6abd-ceb6-791fcbf6451c,b45c6079-9179-340c-6ad1-17430933f22a,d,d,true
82014e9d-33a1-e060-82d3-676fc06297d6,07223e8f-99f3-0531-1e1f-c54f6bf8f8d7,a,a,true
4c2bcd5e-21dc-c2f4-1be2-b2146a1413c1,b48e7446-cf17-3171-276e-c83305f3ce76,a,a,true
f24fd4fb-8e58-1d9e-80eb-ad87a5a3787a,f668fe79-77f4-4d93-4069-2cb864a7c62e,b,b,true
3a7f85f9-28cf-b945-fdfd-2e2a7ab704a8,b644e965-f0da-2073-fb42-10b50bd1d9ca,a,a,true
f65fd8ce-ef47-eb35-d7d2-af74b5e5ca2d,811fa459-5bcd-9e2e-f8d8-391c4f4507ad,d,d,true
00f97633-7f08-07a1-aba0-f1a0ad4a59e4,07223e8f-99f3-0531-1e1f-c54f6bf8f8d7,a,a,true
fa3557b7-a286-fec2-31fa-514f30bc7d81,201922bd-bc6d-ada9-e842-643be22558f8,c,c,true
29b8535a-5606-b83e-2e4d-c964eba73522,b644e965-f0da-2073-fb42-10b50bd1d9ca,a,a,true
c9bcbe78-ea7e-4d9f-dbe6-67290bb61f4e,7b096543-245c-709e-8433-3b08affd72b7,b,b,true
6e141cb2-4d13-45ec-db04-a6c92ef9beeb,b45c6079-9179-340c-6ad1-17430933f22a,d,d,true
9842f38b-0b2b-7344-8abe-d1e601a2cb4a,989d68ee-4636-b9f4-eb5d-543258e1315a,d,d,true
2ce08c39-d138-12e4-6d42-8fa7650031a7,989d68ee-4636-b9f4-eb5d-543258e1315a,d,d,true
5da6b301-0c9e-d56c-cdb9-d3934c51386a,811fa459-5bcd-9e2e-f8d8-391c4f4507ad,d,d,true
45c25af0-155e-3a8c-d606-08ec8bf8dd60,989d68ee-4636-b9f4-eb5d-543258e1315a,d,d,true
9ca329e0-957a-0f1a-7b51-ed2c0b8674fa,811fa459-5bcd-9e2e-f8d8-391c4f4507ad,d,d,true
50004b8d-1da6-9c96-24a7-0a9b7a754201,b644e965-f0da-2073-fb42-10b50bd1d9ca,b,a,false
5d56ca76-fbff-678a-9319-1b036c499662,e57b8a51-d2dc-dadc-edfe-6f7f5b3caa6d,d,d,true
33280bdd-c7cb-f015-82b2-7d458306942f,b48e7446-cf17-3171-276e-c83305f3ce76,a,a,true
700ba451-52c0-d1fb-4b5d-9c241d25e38c,f668fe79-77f4-4d93-4069-2cb864a7c62e,b,b,true
1435175f-81ea-a152-4f0d-7028b41dfdaa,7b096543-245c-709e-8433-3b08affd72b7,b,b,true
adcccb39-3f25-9b1f-489c-6828d6bcf31b,b644e965-f0da-2073-fb42-10b50bd1d9ca,a,a,true
def102f7-3d18-1b5e-f213-e4c28aa5881e,7b096543-245c-709e-8433-3b08affd72b7,b,b,true
535cd731-bbf2-f8ab-c749-b70bad155da6,201922bd-bc6d-ada9-e842-643be22558f8,c,c,true
0738d622-5950-7c45-9187-94c2d555db01,989d68ee-4636-b9f4-eb5d-543258e1315a,d,d,true
1e242153-e19a-22f4-916f-4949e2645efb,b48e7446-cf17-3171-276e-c83305f3ce76,a,a,true
6a86ac46-b8e9-b397-4100-8bf50943a99a,b45c6079-9179-340c-6ad1-17430933f22a,d,d,true
647af7bf-3853-81d8-3793-2809d5ab4dc7,b45c6079-9179-340c-6ad1-17430933f22a,d,d,true
26a605fe-3c9d-101c-7882-d10e9a36f208,e57b8a51-d2dc-dadc-edfe-6f7f5b3caa6d,d,d,true
c28d26c9-88b2-fc0d-6edf-ed90f40bb2c3,7b096543-245c-709e-8433-3b08affd72b7,b,b,true
c658aea2-3db6-410c-6cc6-638a3525b151,811fa459-5bcd-9e2e-f8d8-391c4f4507ad,d,d,true
24a36054-e7b7-f732-70f8-37f0280ea4c9,7b096543-245c-709e-8433-3b08affd72b7,b,b,true
78ea18e7-4038-cd4d-266b-862709fb4f92,07223e8f-99f3-0531-1e1f-c54f6bf8f8d7,a,a,true
e8b1e62b-345a-fede-e2c9-0087d3a8621e,b45c6079-9179-340c-6ad1-17430933f22a,d,d,true
8e302d7a-325f-3dbb-70e7-4e3a8055be01,b644e965-f0da-2073-fb42-10b50bd1d9ca,a,a,true
1ec3404d-9848-866c-5ca6-f2b1ffc772b3,b45c6079-9179-340c-6ad1-17430933f22a,d,d,true
960a9515-f991-718a-d5cb-1f609411a8ee,f668fe79-77f4-4d93-4069-2cb864a7c62e,b,b,true
c4566750-fcad-8f70-b8f3-82259ca85566,e57b8a51-d2dc-dadc-edfe-6f7f5b3caa6d,d,d,true
02f77299-134c-6ace-172e-e816e13cffa4,b644e965-f0da-2073-fb42-10b50bd1d9ca,a,a,true
9b2a5c39-0b21-1dfe-31e3-20e362321292,f668fe79-77f4-4d93-4069-2cb864a7c62e,b,b,true
88e547d8-b8ca-b4b8-0ea3-637f61180df8,f668fe79-77f4-4d93-4069-2cb864a7c62e,b,b,true
aebb9a54-574c-466f-0406-6e298ce5b37a,7b096543-245c-709e-8433-3b08affd72b7,c,b,false
4a9400cb-599d-39ba-a740-4364a9000172,201922bd-bc6d-ada9-e842-643be22558f8,c,c,true
8a82e606-1bc1-01c9-6697-ba88cbd020cb,b644e965-f0da-2073-fb42-10b50bd1d9ca,a,a,true
48d447d3-9c04-072d-9143-a6bb8e6a7176,989d68ee-4636-b9f4-eb5d-543258e1315a,d,d,true
546e3d44-220b-02ca-d6b3-506a1bde3825,b45c6079-9179-340c-6ad1-17430933f22a,d,d,true
ed7bc0ab-54d9-970b-7af5-bbf00899035a,e57b8a51-d2dc-dadc-edfe-6f7f5b3caa6d,d,d,true
616343b5-c627-365f-614a-216bfab59a3a,7b096543-245c-709e-8433-3b08affd72b7,b,b,true
8014f3a4-2c3f-2851-c8a3-8c5b472af1c1,7b096543-245c-709e-8433-3b08affd72b7,b,b,true
be69843a-abcc-1c63-bbe8-89adf266039a,989d68ee-4636-b9f4-eb5d-543258e1315a,d,d,true
0e4dec08-fd32-b7d1-205d-4b5f050b63f7,b644e965-f0da-2073-fb42-10b50bd1d9ca,d,a,false
f110bfc5-7422-5c96-8b6d-95640907c71f,f668fe79-77f4-4d93-4069-2cb864a7c62e,b,b,true
34e1acd5-d85c-62a8-021f-89c454acd78f,e57b8a51-d2dc-dadc-edfe-6f7f5b3caa6d,d,d,true
ac32e2d3-3be0-852b-68cb-43e165e3892a,b644e965-f0da-2073-fb42-10b50bd1d9ca,a,a,true
d236f8d5-41c1-dd56-8f5e-70f24662260c,f668fe79-77f4-4d93-4069-2cb864a7c62e,b,b,true
9ea4318c-5152-1a7e-0df1-2b8106122a56,07223e8f-99f3-0531-1e1f-c54f6bf8f8d7,a,a,true
f2446655-5bf9-d7b3-b041-11be42bfc87d,f668fe79-77f4-4d93-4069-2cb864a7c62e,b,b,true
6db4aee4-9fb7-4821-6069-0ccb5a4558d6,201922bd-bc6d-ada9-e842-643be22558f8,c,c,true
6af51b13-3ffd-e7f0-212c-56b0efcc36e8,b45c6079-9179-340c-6ad1-17430933f22a,d,d,true
5e568ae2-ea43-f0fe-c4e3-4f545f00cd8c,989d68ee-4636-b9f4-eb5d-543258e1315a,d,d,true
a82ee22b-619d-0a24-bda8-ed452804a3ff,07223e8f-99f3-0531-1e1f-c54f6bf8f8d7,a,a,true
a2bbeabe-d50b-ac2c-dee8-c140411b47e3,7b096543-245c-709e-8433-3b08affd72b7,b,b,true
993884cb-7444-ff5c-4188-59bbc8d32c5e,e57b8a51-d2dc-dadc-edfe-6f7f5b3caa6d,d,d,true
cc6d9fda-49cc-0252-7abc-72254606692c,7b096543-245c-709e-8433-3b08affd72b7,b,b,true
6a989ae0-d5ba-8259-94b1-530d0103ac54,f668fe79-77f4-4d93-4069-2cb864a7c62e,b,b,true
0b819a41-4b32-3a3a-e618-058edcb1f8a6,b644e965-f0da-2073-fb42-10b50bd1d9ca,a,a,true
cfeab428-c8cb-50b6-8069-c7042b4a423d,e57b8a51-d2dc-dadc-edfe-6f7f5b3caa6d,d,d,true
7a7f4d15-ac1a-0489-13b2-bbb76ed7f0af,e57b8a51-d2dc-dadc-edfe-6f7f5b3caa6d,d,d,true
95c2df59-8341-9133-e1a8-71f4c0af0ccb,b644e965-f0da-2073-fb42-10b50bd1d9ca,a,a,true
cb226cd1-2f84-fbc0-bb06-a0dabdcc0195,b45c6079-9179-340c-6ad1-17430933f22a,d,d,true
6b1f245b-c159-a55f-a421-23101bc3875a,07223e8f-99f3-0531-1e1f-c54f6bf8f8d7,a,a,true
6bcaede5-57c9-f07c-4711-3a44c2a09834,811fa459-5bcd-9e2e-f8d8-391c4f4507ad,d,d,true
f3ea86f6-3db4-18aa-dbd2-be0f7bd5d04c,f668fe79-77f4-4d93-4069-2cb864a7c62e,b,b,true
6448c2fa-c2e3-bcef-82ce-cd5bdec15894,b45c6079-9179-340c-6ad1-17430933f22a,d,d,true
f90c469e-0b20-6ede-fd6b-ca7174e739aa,989d68ee-4636-b9f4-eb5d-543258e1315a,d,d,true
600c9dc0-d343-f276-9370-ec648e3cba7b,f668fe79-77f4-4d93-4069-2cb864a7c62e,b,b,true
271e189a-fced-898d-71ce-7734a5486e17,b45c6079-9179-340c-6ad1-17430933f22a,d,d,true
954fe546-69d9-d81c-057b-b5ec90e95ad9,7b096543-245c-709e-8433-3b08affd72b7,b,b,true
1cf9547c-66a6-cb4c-edf9-6bdc44581e9a,b45c6079-9179-340c-6ad1-17430933f22a,d,d,true
81592829-ae50-0694-52d1-120c326de63d,e57b8a51-d2dc-dadc-edfe-6f7f5b3caa6d,d,d,true
69093009-877c-b9d4-ccb5-198b742a3cf7,b48e7446-cf17-3171-276e-c83305f3ce76,a,a,true
d73d6b35-d147-341f-493d-94e6521f9952,f668fe79-77f4-4d93-4069-2cb864a7c62e,b,b,true
b3199699-0073-21b9-657e-0bebe3a272f7,201922bd-bc6d-ada9-e842-643be22558f8,c,c,true
3aa5c5ad-3712-2d92-61fd-46673299f3f0,07223e8f-99f3-0531-1e1f-c54f6bf8f8d7,a,a,true
9bee0dc3-539a-abfc-d7db-22ac51e914c0,989d68ee-4636-b9f4-eb5d-543258e1315a,d,d,true
e087615e-0ecf-72a1-16b5-1948a9699f71,b45c6079-9179-340c-6ad1-17430933f22a,b,d,false
a9dcb1cc-d8b9-43bc-d638-3031a169020c,7b096543-245c-709e-8433-3b08affd72b7,b,b,true
0c851bab-7e4e-604a-e979-88f25dbcd159,b644e965-f0da-2073-fb42-10b50bd1d9ca,a,a,true
56280542-7372-eb70-60d9-c0bba14aa659,07223e8f-99f3-0531-1e1f-c54f6bf8f8d7,a,a,true
f2f25184-5d61-8c07-7629-4ecb1af10717,811fa459-5bcd-9e2e-f8d8-391c4f4507ad,d,d,true
652a47d8-19b8-4f72-9652-05a2435b1d76,811fa459-5bcd-9e2e-f8d8-391c4f4507ad,d,d,true
fbc78bab-4db9-edea-8371-caef8b24aa72,f668fe79-77f4-4d93-4069-2cb864a7c62e,b,b,true
26c26704-2ae3-ab5b-1e3e-9302b668069b,b644e965-f0da-2073-fb42-10b50bd1d9ca,a,a,true
229660ab-2d78-ecfe-efe9-058e83ef3e8b,989d68ee-4636-b9f4-eb5d-543258e1315a,d,d,true
cfdc9f9e-e3ac-dc35-ab53-884c4dfe3348,989d68ee-4636-b9f4-eb5d-543258e1315a,d,d,true
503a17e6-5f4d-8b28-a58c-e1e41e0033f6,201922bd-bc6d-ada9-e842-643be22558f8,c,c,true
4f203966-c10d-bf03-1851-66de55d16061,b45c6079-9179-340c-6ad1-17430933f22a,d,d,true
54f0d3a8-4775-6f71-0915-80da26b28ae4,b45c6079-9179-340c-6ad1-17430933f22a,d,d,true
11aeaf43-eb69-98ac-e922-3ab88e37e6c9,07223e8f-99f3-0531-1e1f-c54f6bf8f8d7,a,a,true
9ae4c640-8855-0357-1e5f-9ef155af90c8,989d68ee-4636-b9f4-eb5d-543258e1315a,d,d,true
e9167927-d49b-ad6c-8563-d713965393ce,b48e7446-cf17-3171-276e-c83305f3ce76,a,a,true
7b54ec3a-c134-14b4-894f-c3532b3bbc4d,989d68ee-4636-b9f4-eb5d-543258e1315a,d,d,true
1490178c-05eb-d107-d785-88c061d1186c,07223e8f-99f3-0531-1e1f-c54f6bf8f8d7,a,a,true
546ccc2c-aaec-168d-aac2-8fd190496c8c,f668fe79-77f4-4d93-4069-2cb864a7c62e,c,b,false
a5eb7db8-915e-685c-d2d5-229af1d06733,989d68ee-4636-b9f4-eb5d-543258e1315a,d,d,true
b6b545be-44fc-3cb2-5516-e5c838b6a4eb,b48e7446-cf17-3171-276e-c83305f3ce76,a,a,true
1050e0e8-2dd8-929e-e43b-78954b808eaa,7b096543-245c-709e-8433-3b08affd72b7,b,b,true
e01a62bd-c10a-c68d-7f0c-12d33ba2a2f4,07223e8f-99f3-0531-1e1f-c54f6bf8f8d7,a,a,true
56d46fd6-a51c-0168-9a60-36ee7dd14e32,b48e7446-cf17-3171-276e-c83305f3ce76,a,a,true
250fd2ba-268d-870a-784f-a0d6a3de6744,7b096543-245c-709e-8433-3b08affd72b7,c,b,false
607e06c0-fc1f-57f2-3a36-094b79b0b3ae,f668fe79-77f4-4d93-4069-2cb864a7c62e,b,b,true
6a995b24-b50e-30aa-7160-e42e508185e3,b644e965-f0da-2073-fb42-10b50bd1d9ca,c,a,false
a9a74ae0-0773-6792-13c8-e383eb486471,b644e965-f0da-2073-fb42-10b50bd1d9ca,d,a,false
8e895ff7-1dc6-3b7e-c008-56682792eb9b,b45c6079-9179-340c-6ad1-17430933f22a,d,d,true
e4e3e76a-3f83-2481-8b02-41c3f8af465f,e57b8a51-d2dc-dadc-edfe-6f7f5b3caa6d,d,d,true
5247f475-0778-ef15-cbea-a72cd5d1c316,811fa459-5bcd-9e2e-f8d8-391c4f4507ad,d,d,true
c901f4e6-78e1-386d-11c1-123f6d3081c6,b644e965-f0da-2073-fb42-10b50bd1d9ca,b,a,false
64a92ec8-7d52-2743-af3a-d5141f1ba72b,f668fe79-77f4-4d93-4069-2cb864a7c62e,b,b,true
627f5add-56e9-eb68-c4ae-a3f7bb1065b1,b45c6079-9179-340c-6ad1-17430933f22a,d,d,true
83f7e4bb-8bd5-4e83-a683-3159eb090068,e57b8a51-d2dc-dadc-edfe-6f7f5b3caa6d,d,d,true
96669740-c9a0-3987-0fff-7cf2efdb9f15,f668fe79-77f4-4d93-4069-2cb864a7c62e,b,b,true
cc16036d-495d-5e01-a235-31db442d462a,07223e8f-99f3-0531-1e1f-c54f6bf8f8d7,a,a,true
f58b2b43-7651-ac9f-1c0e-270607d4ec93,07223e8f-99f3-0531-1e1f-c54f6bf8f8d7,a,a,true
1464f935-058a-36a7-b9f8-643a36e01890,201922bd-bc6d-ada9-e842-643be22558f8,c,c,true
fa667666-6afd-fce2-9e7d-e8de726ab460,b45c6079-9179-340c-6ad1-17430933f22a,d,d,true
0d60f84f-ef97-40ca-dd19-7c69074ee976,7b096543-245c-709e-8433-3b08affd72b7,b,b,true
1c179013-ae9a-0d3b-b11f-e9e36756f9ea,07223e8f-99f3-0531-1e1f-c54f6bf8f8d7,a,a,true
e66fab46-deef-a077-bfe6-9ddd19d1e946,989d68ee-4636-b9f4-eb5d-543258e1315a,d,d,true
5bae79a9-8094-26c5-b6c7-3938bb32553d,201922bd-bc6d-ada9-e842-643be22558f8,c,c,true
a6952631-395a-b7fc-a275-b1dc63e91b3d,b644e965-f0da-2073-fb42-10b50bd1d9ca,a,a,true
5886dc0a-591b-bcf9-71a1-4e048dc53605,7b096543-245c-709e-8433-3b08affd72b7,b,b,true
1d5dd141-292c-ac73-1f7f-3e30b49a3d61,e57b8a51-d2dc-dadc-edfe-6f7f5b3caa6d,d,d,true
0056c720-53a7-e62c-e9e6-18cc72858aac,f668fe79-77f4-4d93-4069-2cb864a7c62e,b,b,true
86fec344-28f4-8d43-fdc3-77e022f4e6fa,b48e7446-cf17-3171-276e-c83305f3ce76,a,a,true
4695b198-ce10-2137-7d56-eb43dd56c25e,e57b8a51-d2dc-dadc-edfe-6f7f5b3caa6d,d,d,true
ec040417-2926-21e1-ae89-c73ba8083ffe,989d68ee-4636-b9f4-eb5d-543258e1315a,d,d,true
6f657624-f8d3-91fe-b39f-0879e26893f6,b644e965-f0da-2073-fb42-10b50bd1d9ca,a,a,true
e5e8031c-36bf-4ac3-2a9e-479b1f6e7c4f,f668fe79-77f4-4d93-4069-2cb864a7c62e,b,b,true
60bda530-e664-2e25-1b15-bac774ac9c2a,b45c6079-9179-340c-6ad1-17430933f22a,d,d,true
f5170066-d921-c135-0eb9-b0019b7f73ab,b48e7446-cf17-3171-276e-c83305f3ce76,a,a,true
867fec78-3267-ea5e-41d5-e47532df6213,201922bd-bc6d-ada9-e842-643be22558f8,c,c,true
0099e89a-df52-ec56-435b-78b24227d6f9,f668fe79-77f4-4d93-4069-2cb864a7c62e,b,b,true
555c159d-8757-84b1-fc64-87173f934cf8,f668fe79-77f4-4d93-4069-2cb864a7c62e,b,b,true
70fca418-8914-c5d8-9359-6dc0c281de61,b644e965-f0da-2073-fb42-10b50bd1d9ca,a,a,true
f6959453-bcc9-06d8-b9cf-91304ae1aab7,f668fe79-77f4-4d93-4069-2cb864a7c62e,b,b,true
66b363c5-dd2f-711f-9063-216d385365a6,7b096543-245c-709e-8433-3b08affd72b7,b,b,true
6fee8776-95ed-6233-e0b7-7b728a31e2cb,811fa459-5bcd-9e2e-f8d8-391c4f4507ad,d,d,true
593a043a-b51b-12bc-1712-9a44c3bee305,07223e8f-99f3-0531-1e1f-c54f6bf8f8d7,a,a,true
4e6135fd-1e26-a155-bf91-fea46ff7df84,07223e8f-99f3-0531-1e1f-c54f6bf8f8d7,a,a,true
63b4890d-cca8-8a17-4815-ea00539d1738,b48e7446-cf17-3171-276e-c83305f3ce76,a,a,true
3a9d3c72-498e-405a-cfc5-3937dec8e6ae,e57b8a51-d2dc-dadc-edfe-6f7f5b3caa6d,d,d,true
40204432-7b87-bc60-3d8b-57f7a7177679,b48e7446-cf17-3171-276e-c83305f3ce76,a,a,true
6b600976-b699-d616-141e-9fbb97bb0f98,f668fe79-77f4-4d93-4069-2cb864a7c62e,b,b,true
a863a46b-1fc0-337a-9991-b10b21a2572f,989d68ee-4636-b9f4-eb5d-543258e1315a,d,d,true
0bd53680-efec-37a1-a17d-81fe9f06c516,f668fe79-77f4-4d93-4069-2cb864a7c62e,b,b,true
49fbc694-212d-c1f4-9705-198386eae86c,e57b8a51-d2dc-dadc-edfe-6f7f5b3caa6d,d,d,true
bfedddac-798c-c498-ae63-5bd4aee82220,7b096543-245c-709e-8433-3b08affd72b7,b,b,true
51a16058-7a68-e27b-2f7f-090294e5e55e,989d68ee-4636-b9f4-eb5d-543258e1315a,d,d,true
615c060a-d71e-c54b-ab52-d723c5623be3,b45c6079-9179-340c-6ad1-17430933f22a,b,d,false
ab5e022d-5e63-b7ab-46eb-21bd85231366,07223e8f-99f3-0531-1e1f-c54f6bf8f8d7,a,a,true
246a744c-9f73-99b6-1749-834a22589439,b45c6079-9179-340c-6ad1-17430933f22a,d,d,true
fe13e443-28d5-fc41-1aa7-894dcb6f602a,201922bd-bc6d-ada9-e842-643be22558f8,c,c,true
ab44f4d8-9bae-4ce1-2847-4aba74e41ee6,e57b8a51-d2dc-dadc-edfe-6f7f5b3caa6d,d,d,true
34450066-8c91-508b-b0d7-90d642d066b8,989d68ee-4636-b9f4-eb5d-543258e1315a,d,d,true
ee491f97-5159-726c-eafe-485efce52555,b48e7446-cf17-3171-276e-c83305f3ce76,a,a,true
a87b7783-0370-bf96-2e5b-864a8112370b,b45c6079-9179-340c-6ad1-17430933f22a,d,d,true
b4c04a34-76ed-aeb5-8ba4-781ac879c46a,b644e965-f0da-2073-fb42-10b50bd1d9ca,d,a,false
307fc94d-bd29-da5a-6fd8-8bd45ba9172c,b644e965-f0da-2073-fb42-10b50bd1d9ca,b,a,false
6bed422b-eb55-42ab-d30e-546031edface,b644e965-f0da-2073-fb42-10b50bd1d9ca,d,a,false
fd721eda-6fab-308a-a632-941198a1d0d0,811fa459-5bcd-9e2e-f8d8-391c4f4507ad,d,d,true
6ff589ea-f621-9dfd-d5cb-32170c0a5190,07223e8f-99f3-0531-1e1f-c54f6bf8f8d7,a,a,true
1823d4ff-e14d-45cb-ac9d-c3c541ad606c,811fa459-5bcd-9e2e-f8d8-391c4f4507ad,d,d,true
cf059345-0439-a157-2fcb-903bb6a84427,f668fe79-77f4-4d93-4069-2cb864a7c62e,b,b,true
65b5b15a-d3b0-56ed-ab71-db47ef9960af,811fa459-5bcd-9e2e-f8d8-391c4f4507ad,d,d,true
889f7bee-3412-c3d5-ca65-bc1f3681e35c,811fa459-5bcd-9e2e-f8d8-391c4f4507ad,d,d,true
5fe84fdb-de5d-ea0d-e6c0-9e5acdf9ba2f,201922bd-bc6d-ada9-e842-643be22558f8,c,c,true
bec8fe5a-fbee-56cf-0449-4e29934efe60,b644e965-f0da-2073-fb42-10b50bd1d9ca,a,a,true
37434325-e05e-688a-9c19-6d3e7bf3b5aa,7b096543-245c-709e-8433-3b08affd72b7,b,b,true
ac574029-fa58-3bfb-3790-5905d75ec8b3,989d68ee-4636-b9f4-eb5d-543258e1315a,d,d,true
40c05604-77ad-2108-5514-acc12f51bb5e,989d68ee-4636-b9f4-eb5d-543258e1315a,d,d,true
82f15c91-298c-4dd1-4467-4a55de32ccdb,b45c6079-9179-340c-6ad1-17430933f22a,d,d,true
441ff803-ff0b-739d-c176-529ca10b6e90,e57b8a51-d2dc-dadc-edfe-6f7f5b3caa6d,d,d,true
2a02cbbb-7c3f-dcb0-1e6b-86b1f9d4637b,e57b8a51-d2dc-dadc-edfe-6f7f5b3caa6d,d,d,true
430149c6-22ed-c3e9-6611-fb97239b51d5,811fa459-5bcd-9e2e-f8d8-391c4f4507ad,d,d,true
ac2eef09-ee09-c80d-8da7-df1565383a86,f668fe79-77f4-4d93-4069-2cb864a7c62e,b,b,true
06cf50e0-ba08-50ad-5285-1342114ebd76,e57b8a51-d2dc-dadc-edfe-6f7f5b3caa6d,d,d,true
6e7197c5-6542-c779-d533-116a18af6cc5,e57b8a51-d2dc-dadc-edfe-6f7f5b3caa6d,d,d,true
1710d264-142d-fe4a-21d2-d27b49c4e658,989d68ee-4636-b9f4-eb5d-543258e1315a,d,d,true
91fee5a1-1cfd-928c-dd00-2f2b920a09e3,e57b8a51-d2dc-dadc-edfe-6f7f5b3caa6d,d,d,true
c67d37c3-e0f8-e552-a87c-0a6cfc5fab58,b45c6079-9179-340c-6ad1-17430933f22a,d,d,true
707983de-109b-4996-e316-bf17bc31588b,b644e965-f0da-2073-fb42-10b50bd1d9ca,c,a,false
749e3eec-47fd-d5e1-88e5-a620eb38e477,e57b8a51-d2dc-dadc-edfe-6f7f5b3caa6d,d,d,true
2cbfb849-7cc3-b193-2364-188f75ffd8c6,07223e8f-99f3-0531-1e1f-c54f6bf8f8d7,d,a,false
2f86d007-9ba3-2d55-c26c-53330a075cdd,b45c6079-9179-340c-6ad1-17430933f22a,d,d,true
3601c1b7-94dc-cde9-26af-2b6014201d29,201922bd-bc6d-ada9-e842-643be22558f8,c,c,true
ec1106fd-796d-6cf0-0cc3-402802e6a656,f668fe79-77f4-4d93-4069-2cb864a7c62e,b,b,true
f890f510-1a55-ef5f-2b82-6943fe081c07,989d68ee-4636-b9f4-eb5d-543258e1315a,c,d,false
6cfd246c-477d-7543-3a52-841eed18e9b5,b45c6079-9179-340c-6ad1-17430933f22a,d,d,true
0d6c1bf2-420f-99c2-8203-51a4dbe9f958,f668fe79-77f4-4d93-4069-2cb864a7c62e,b,b,true
6b4d6d5f-cd00-0c47-65f8-091e15a51247,b644e965-f0da-2073-fb42-10b50bd1d9ca,a,a,true
07762064-7d56-214f-b8f9-8bc0285a5f5f,b45c6079-9179-340c-6ad1-17430933f22a,d,d,true
4fa62553-ebad-fa24-f2a5-cf20d8677fd6,201922bd-bc6d-ada9-e842-643be22558f8,c,c,true
e4485ca1-84da-52ac-becc-7848ef571cdb,07223e8f-99f3-0531-1e1f-c54f6bf8f8d7,a,a,true
be16385a-05d9-62ab-d69b-8288b2cd80c8,f668fe79-77f4-4d93-4069-2cb864a7c62e,b,b,true
f533e1bc-bd05-6c4e-fa49-8b4ddcf34880,e57b8a51-d2dc-dadc-edfe-6f7f5b3caa6d,d,d,true
c7e94a31-2769-1176-00c0-79c30008b95b,989d68ee-4636-b9f4-eb5d-543258e1315a,d,d,true
435fde8e-9a67-806c-b756-268e89b59585,7b096543-245c-709e-8433-3b08affd72b7,b,b,true
70059510-6126-fb31-d84b-13851c654863,b45c6079-9179-340c-6ad1-17430933f22a,d,d,true
8fa81034-fdba-7031-9c90-8b0b91ebdd83,b48e7446-cf17-3171-276e-c83305f3ce76,a,a,true
69be048c-e7e9-b1fa-af21-03d317560d5a,989d68ee-4636-b9f4-eb5d-543258e1315a,b,d,false
bca84bf7-2bd4-c982-d4ad-4fb7d00e9966,b48e7446-cf17-3171-276e-c83305f3ce76,a,a,true
a0267f1f-cf09-dd2c-b551-1f9e43e6cd7c,201922bd-bc6d-ada9-e842-643be22558f8,c,c,true
5e0b086f-f3e0-545b-a184-1ff3bf47e79f,b644e965-f0da-2073-fb42-10b50bd1d9ca,d,a,false
80c41122-445a-e5ee-9123-625e99464bf8,811fa459-5bcd-9e2e-f8d8-391c4f4507ad,d,d,true
f4e6f5eb-8385-a98a-28ea-864ba8a23551,b45c6079-9179-340c-6ad1-17430933f22a,d,d,true
bec06c83-8b9f-b50d-35fd-73f0906b7443,07223e8f-99f3-0531-1e1f-c54f6bf8f8d7,a,a,true
ce676cfa-3d12-0668-9c79-31510bbd9be8,e57b8a51-d2dc-dadc-edfe-6f7f5b3caa6d,d,d,true
2801b1ed-4e65-f828-1d37-6addb7a42741,b644e965-f0da-2073-fb42-10b50bd1d9ca,a,a,true
fad5c9b4-e5e5-b307-7237-9ce840475af4,7b096543-245c-709e-8433-3b08affd72b7,b,b,true
f6bf849f-1a32-2f2f-9488-dd0639acb82b,f668fe79-77f4-4d93-4069-2cb864a7c62e,b,b,true
f27bafc2-2f92-7074-3928-c1e96ffb1e56,201922bd-bc6d-ada9-e842-643be22558f8,c,c,true
4036d67b-64c5-6b47-d88a-33765cd83636,201922bd-bc6d-ada9-e842-643be22558f8,c,c,true
073c18dc-5425-4632-73c8-ba709c9f4215,811fa459-5bcd-9e2e-f8d8-391c4f4507ad,d,d,true
a77f5793-3789-98fb-7b10-4cf962fbc710,989d68ee-4636-b9f4-eb5d-543258e1315a,d,d,true
4d2e1900-a74d-d4fe-2fbc-3f0309056650,b644e965-f0da-2073-fb42-10b50bd1d9ca,b,a,false
53c35cd2-bd6c-a2ca-e370-64146bb1db28,f668fe79-77f4-4d93-4069-2cb864a7c62e,b,b,true
5aa3534e-f249-8b11-1a9d-66307bef842b,7b096543-245c-709e-8433-3b08affd72b7,b,b,true
b05bdb9e-4605-9378-7a4e-257734d9bf48,811fa459-5bcd-9e2e-f8d8-391c4f4507ad,b,d,false
96a07e30-fed4-5340-6a93-520af52815d4,989d68ee-4636-b9f4-eb5d-543258e1315a,d,d,true
a07a6d83-bf07-2819-fd79-0bf39430bb6f,e57b8a51-d2dc-dadc-edfe-6f7f5b3caa6d,d,d,true
bf273c0b-499f-cdf9-cdfc-0a49d71b5d79,811fa459-5bcd-9e2e-f8d8-391c4f4507ad,d,d,true
ec08d267-c777-6fb5-1abb-2c60559a1b54,07223e8f-99f3-0531-1e1f-c54f6bf8f8d7,b,a,false
9117eeae-e8fa-a017-9508-b27c2db4320c,201922bd-bc6d-ada9-e842-643be22558f8,c,c,true
7e5dec68-aaf6-51dc-156b-0a2dec69121c,b45c6079-9179-340c-6ad1-17430933f22a,d,d,true
b0e54122-f2a1-a7d2-9eb3-989292f61490,811fa459-5bcd-9e2e-f8d8-391c4f4507ad,b,d,false
08cd0e7e-f75c-81a5-9e05-bed56bf7fe00,201922bd-bc6d-ada9-e842-643be22558f8,c,c,true
16a531d4-d45c-5b92-5e19-3c003c5827b0,b644e965-f0da-2073-fb42-10b50bd1d9ca,a,a,true
dc5d5b7c-8e3b-93ad-8b61-64dac25a922d,989d68ee-4636-b9f4-eb5d-543258e1315a,d,d,true
c96239a1-1962-dd00-eee5-3311c514a76a,b644e965-f0da-2073-fb42-10b50bd1d9ca,d,a,false
595c748d-521e-0d0d-7a68-3516553c9af8,b644e965-f0da-2073-fb42-10b50bd1d9ca,a,a,true
044e5338-0f97-4f43-ec37-376b6c1ce056,201922bd-bc6d-ada9-e842-643be22558f8,c,c,true
2de8e0af-6856-fc60-9271-cfb4d4105250,b48e7446-cf17-3171-276e-c83305f3ce76,a,a,true
da5bbdbe-a675-6834-f6fe-71a9e113a106,b48e7446-cf17-3171-276e-c83305f3ce76,a,a,true
88934d7e-cbd9-0ec0-5316-dd9e53eb4ce1,7b096543-245c-709e-8433-3b08affd72b7,b,b,true
beec3153-513e-9d64-baa9-6526c9a8211c,07223e8f-99f3-0531-1e1f-c54f6bf8f8d7,a,a,true
bc1358b3-8a78-e296-ef9b-ba97a1a2004d,7b096543-245c-709e-8433-3b08affd72b7,b,b,true
4ee88aa7-94ef-2ed7-5ebb-4cb3f049184d,b45c6079-9179-340c-6ad1-17430933f22a,d,d,true
50e7fdbd-a028-6101-b96b-266c43dd13cf,7b096543-245c-709e-8433-3b08affd72b7,b,b,true
ba4b2910-9b10-f5cf-f992-a62896ed39d9,b45c6079-9179-340c-6ad1-17430933f22a,d,d,true
b42c6810-d1a1-01eb-0bff-d9bf0a7e40be,b644e965-f0da-2073-fb42-10b50bd1d9ca,a,a,true
f736e7cf-fc86-1d13-40ba-d7ab69cce95e,e57b8a51-d2dc-dadc-edfe-6f7f5b3caa6d,d,d,true
6a5e891f-294d-ca59-65fc-e777a46183b5,07223e8f-99f3-0531-1e1f-c54f6bf8f8d7,a,a,true
ef17b959-7c15-fa14-9328-5535e04f97c1,07223e8f-99f3-0531-1e1f-c54f6bf8f8d7,a,a,true
b22e11fb-9335-bb4c-4dee-0147b2dbf345,e57b8a51-d2dc-dadc-edfe-6f7f5b3caa6d,d,d,true
47c87106-5190-cf0a-6361-d4d9fd5db1b2,b644e965-f0da-2073-fb42-10b50bd1d9ca,a,a,true
0d5eb983-37c4-6110-c32c-fce684f45c6f,b48e7446-cf17-3171-276e-c83305f3ce76,a,a,true
fe96e4c6-c703-c4f4-25d4-35c81e6f18a6,b644e965-f0da-2073-fb42-10b50bd1d9ca,b,a,false
ac8e02fe-2929-9095-1c62-65630a543416,b48e7446-cf17-3171-276e-c83305f3ce76,a,a,true
e7248461-f52f-35d2-b1a1-47d6005d3b58,e57b8a51-d2dc-dadc-edfe-6f7f5b3caa6d,d,d,true
70b3878a-32b1-a8e7-ae42-663e3d760e87,989d68ee-4636-b9f4-eb5d-543258e1315a,a,d,false
064c7a57-82e9-ab52-bc24-f887bf9808ea,b644e965-f0da-2073-fb42-10b50bd1d9ca,a,a,true
ea63c64a-4fc1-ba97-57b6-0b9786df6d83,f668fe79-77f4-4d93-4069-2cb864a7c62e,b,b,true
b0d56c57-be35-274a-31bb-da3d49c52191,f668fe79-77f4-4d93-4069-2cb864a7c62e,b,b,true
a7ec5513-22b9-8000-8064-16ceb5ef2ef8,e57b8a51-d2dc-dadc-edfe-6f7f5b3caa6d,d,d,true
47856e57-8671-e65a-b20e-55f2979cd7f7,7b096543-245c-709e-8433-3b08affd72b7,b,b,true
dd4e82f2-6f6f-c200-ab10-a62a66463b22,811fa459-5bcd-9e2e-f8d8-391c4f4507ad,d,d,true
a9c3a58d-3542-f1dd-75fc-d38ae05dd0a1,07223e8f-99f3-0531-1e1f-c54f6bf8f8d7,a,a,true
cc3ccadc-57e2-eb7c-95ba-946a9722a3b7,811fa459-5bcd-9e2e-f8d8-391c4f4507ad,d,d,true
0563a1e8-be24-5564-611f-ddf05c67e957,e57b8a51-d2dc-dadc-edfe-6f7f5b3caa6d,d,d,true
2d9b0d2c-fcae-cb02-7039-a984f7f83a6d,7b096543-245c-709e-8433-3b08affd72b7,b,b,true
14a51e35-9548-6b6d-f1b2-55224a0ada88,f668fe79-77f4-4d93-4069-2cb864a7c62e,b,b,true
201958c3-34f9-44a7-bead-8035f8cdee25,b48e7446-cf17-3171-276e-c83305f3ce76,a,a,true
9b3c9eeb-c7ef-1e38-6ea8-d5fff3e704d3,b48e7446-cf17-3171-276e-c83305f3ce76,d,a,false
13eb1d2a-f01c-af8c-d81d-e71ccce564d0,b644e965-f0da-2073-fb42-10b50bd1d9ca,a,a,true
c9a347f8-9554-d243-3f41-94adecb2a1e4,07223e8f-99f3-0531-1e1f-c54f6bf8f8d7,a,a,true
60f7c98d-bd8a-d340-6ecc-a3c03d844f54,b644e965-f0da-2073-fb42-10b50bd1d9ca,a,a,true
788ab73e-b71f-89f9-5ebf-c727654f44c6,7b096543-245c-709e-8433-3b08affd72b7,b,b,true
0c84da2e-b59a-c58f-2564-ddf4d2dbd364,f668fe79-77f4-4d93-4069-2cb864a7c62e,b,b,true
dd528f18-2f59-17c3-feb9-e09d2fe431d3,e57b8a51-d2dc-dadc-edfe-6f7f5b3caa6d,d,d,true
8562d601-4167-be0d-a75b-2f2aa8ca62a7,e57b8a51-d2dc-dadc-edfe-6f7f5b3caa6d,a,d,false
f919a693-f25f-140f-1238-04c9aa56d3a5,b644e965-f0da-2073-fb42-10b50bd1d9ca,a,a,true
e9e67b20-7a52-641e-c503-5740ff6ef040,201922bd-bc6d-ada9-e842-643be22558f8,c,c,true
47aad5b7-3044-ff9b-939d-f5951bda268f,b48e7446-cf17-3171-276e-c83305f3ce76,a,a,true
add856ee-5a22-57a8-1270-77c3384ffa72,e57b8a51-d2dc-dadc-edfe-6f7f5b3caa6d,d,d,true
52680174-eb4c-b537-2198-17e5e6b5a1fd,b45c6079-9179-340c-6ad1-17430933f22a,d,d,true
a3e1782a-f53e-a864-b09c-b8e82d0461bb,07223e8f-99f3-0531-1e1f-c54f6bf8f8d7,a,a,true
4ced2619-5fd7-71de-96d9-07b37833e681,811fa459-5bcd-9e2e-f8d8-391c4f4507ad,d,d,true
981074e3-ef97-8370-80c4-f754ce7ee240,f668fe79-77f4-4d93-4069-2cb864a7c62e,b,b,true
dae1b190-8adc-2261-5c11-993013d12d47,7b096543-245c-709e-8433-3b08affd72b7,b,b,true
25bd9ca0-49d3-a487-2fd5-61e4261e6cdb,b48e7446-cf17-3171-276e-c83305f3ce76,a,a,true
bc43e284-a4a4-04c7-4776-53ed8794ff6d,07223e8f-99f3-0531-1e1f-c54f6bf8f8d7,a,a,true
92222571-c23f-dd23-e8c1-59f6d32043ec,b644e965-f0da-2073-fb42-10b50bd1d9ca,a,a,true
ad33939e-7183-cb41-342a-d12d4cac4aba,989d68ee-4636-b9f4-eb5d-543258e1315a,d,d,true
9a81649c-c7ab-f293-456e-5cc41734250f,b45c6079-9179-340c-6ad1-17430933f22a,d,d,true
52c9d74f-4080-e780-35b5-8966db763dcf,07223e8f-99f3-0531-1e1f-c54f6bf8f8d7,a,a,true
a2a7f684-fde1-6b23-d10d-560d359bc425,201922bd-bc6d-ada9-e842-643be22558f8,c,c,true
054a8833-2a54-9bf3-7bf6-94e115ce8faa,b45c6079-9179-340c-6ad1-17430933f22a,d,d,true
b9653b70-2034-92ac-a491-ae1efd70b9d1,989d68ee-4636-b9f4-eb5d-543258e1315a,d,d,true
4e683b1d-a567-cd12-a36a-4f0543a4d541,e57b8a51-d2dc-dadc-edfe-6f7f5b3caa6d,d,d,true
6223026c-5a09-9878-7323-2c483c67adac,b48e7446-cf17-3171-276e-c83305f3ce76,a,a,true
722ab2e6-1a50-e43b-854a-cb4177aa1422,b644e965-f0da-2073-fb42-10b50bd1d9ca,a,a,true
dd503277-d741-076b-4950-bc71f1f81370,07223e8f-99f3-0531-1e1f-c54f6bf8f8d7,a,a,true
488ae9cd-2d14-710a-f4af-a39b904c77a8,989d68ee-4636-b9f4-eb5d-543258e1315a,d,d,true
6aaab586-5817-b1e0-fbe5-75d3b1e39281,e57b8a51-d2dc-dadc-edfe-6f7f5b3caa6d,d,d,true
2e1adb42-f46f-7206-7e60-6c2f1cb780e2,b48e7446-cf17-3171-276e-c83305f3ce76,a,a,true
2a40c5af-92ad-a738-035c-a719447c77b9,811fa459-5bcd-9e2e-f8d8-391c4f4507ad,d,d,true
b6e1cf6a-d415-c05d-4e68-f6f89969cea0,b644e965-f0da-2073-fb42-10b50bd1d9ca,c,a,false
d3fd8680-196f-428b-2bd7-7eb1793e6df0,b644e965-f0da-2073-fb42-10b50bd1d9ca,d,a,false
64e83366-e0b1-7820-6c42-90aabca1b4c4,f668fe79-77f4-4d93-4069-2cb864a7c62e,b,b,true
74a95962-a04b-9d97-3260-5feeaaedbcc1,e57b8a51-d2dc-dadc-edfe-6f7f5b3caa6d,d,d,true
22fb7c65-086b-e880-6530-805977230490,989d68ee-4636-b9f4-eb5d-543258e1315a,d,d,true
441ad618-0701-d730-e436-36f7fe115070,201922bd-bc6d-ada9-e842-643be22558f8,c,c,true
db709681-f6d3-4fc7-a25a-89b55c49e41d,f668fe79-77f4-4d93-4069-2cb864a7c62e,b,b,true
abbb61bc-ab40-406d-484a-a3aaac3d6ebd,e57b8a51-d2dc-dadc-edfe-6f7f5b3caa6d,b,d,false
cce0c772-f30e-0aeb-9e4f-1eda3a7b20d9,201922bd-bc6d-ada9-e842-643be22558f8,c,c,true
3c88ded7-2944-ce34-cd3d-4c2e65fb1af0,201922bd-bc6d-ada9-e842-643be22558f8,c,c,true
50270d89-7cdf-c6e2-8390-1f4566cfd255,b45c6079-9179-340c-6ad1-17430933f22a,b,d,false
e73f5d21-78f2-385c-a7e6-74835531c2ab,b48e7446-cf17-3171-276e-c83305f3ce76,a,a,true
6926af17-f556-8dea-56a2-aeba08cec369,989d68ee-4636-b9f4-eb5d-543258e1315a,d,d,true
c3089a77-1fa1-ddac-114a-bb4577b849cf,7b096543-245c-709e-8433-3b08affd72b7,b,b,true
91c7a133-a856-4eae-5835-297bfbbed9c4,811fa459-5bcd-9e2e-f8d8-391c4f4507ad,d,d,true
055d1298-47f5-f0e2-3232-5ce95f967091,b48e7446-cf17-3171-276e-c83305f3ce76,a,a,true
4c657216-5919-72a2-223e-313bda2ef4ad,811fa459-5bcd-9e2e-f8d8-391c4f4507ad,d,d,true
1c2f50b2-e3f6-252e-2e16-28d61ef35323,7b096543-245c-709e-8433-3b08affd72b7,b,b,true
59d395ef-395d-1a2a-b2b7-a4b0a351dbf0,e57b8a51-d2dc-dadc-edfe-6f7f5b3caa6d,d,d,true
9f52af78-ff2d-a900-08d1-51771b23da1a,b48e7446-cf17-3171-276e-c83305f3ce76,a,a,true
7eda53bf-12a9-3f5b-1bfa-716469d94bee,b48e7446-cf17-3171-276e-c83305f3ce76,a,a,true
3c315b6f-189a-93cd-4987-f02544add532,b644e965-f0da-2073-fb42-10b50bd1d9ca,a,a,true
de0e1b49-bb1f-1448-ac08-0d2f72a41ea5,989d68ee-4636-b9f4-eb5d-543258e1315a,d,d,true
ac1144f4-2ada-16e3-412e-785f8332d543,b48e7446-cf17-3171-276e-c83305f3ce76,a,a,true
a2d02b12-9f90-f031-f9a8-0cacf904fc7c,811fa459-5bcd-9e2e-f8d8-391c4f4507ad,d,d,true
5844cf33-d9f6-ab6f-0c0a-fcf060a0ab01,201922bd-bc6d-ada9-e842-643be22558f8,c,c,true
48e8c34b-68bc-b3d4-a38c-8e722749627a,201922bd-bc6d-ada9-e842-643be22558f8,d,c,false
bdedb4de-b4ba-5503-edab-10f6ea50afb5,989d68ee-4636-b9f4-eb5d-543258e1315a,d,d,true
1b25d67f-29eb-9c72-f272-68551733ab17,811fa459-5bcd-9e2e-f8d8-391c4f4507ad,a,d,false
dd4d8299-3c6d-24e8-6f6b-6ff5a97e415c,f668fe79-77f4-4d93-4069-2cb864a7c62e,b,b,true
98b8ee7b-0885-4268-5b5a-6cb08a3ba308,e57b8a51-d2dc-dadc-edfe-6f7f5b3caa6d,d,d,true
147006c5-1a75-813e-2951-c42aaa4bc317,f668fe79-77f4-4d93-4069-2cb864a7c62e,b,b,true
9e65090d-19c4-32bb-7bf5-b7a580057a3b,b644e965-f0da-2073-fb42-10b50bd1d9ca,a,a,true
26055448-2027-1549-2602-bbf9b48550ef,7b096543-245c-709e-8433-3b08affd72b7,b,b,true
47ed1ee0-148f-98d2-1953-c337599b16dd,b45c6079-9179-340c-6ad1-17430933f22a,d,d,true
a0ac7f6d-0409-16d1-418c-077822024f1f,7b096543-245c-709e-8433-3b08affd72b7,b,b,true
1b02cbbb-50b5-28a9-e56d-fdaaeec46478,201922bd-bc6d-ada9-e842-643be22558f8,c,c,true
9e8c6e5c-1484-6487-5c5d-fab997f8c1bd,b45c6079-9179-340c-6ad1-17430933f22a,d,d,true
b73a82ad-0ad7-8a60-bee6-56e44fb8f979,201922bd-bc6d-ada9-e842-643be22558f8,c,c,true
2ac458a5-43f9-66b9-9c37-2f27872e5647,b644e965-f0da-2073-fb42-10b50bd1d9ca,a,a,true
91f05bbc-1e89-d144-334e-537478feda50,989d68ee-4636-b9f4-eb5d-543258e1315a,d,d,true
f0a8032a-5736-6f62-9600-2b8dd4ce3ca7,e57b8a51-d2dc-dadc-edfe-6f7f5b3caa6d,d,d,true
e7818baf-d601-b736-ab00-45678fecc01b,b644e965-f0da-2073-fb42-10b50bd1d9ca,a,a,true
688e2385-46ce-a650-e96e-1803d54af86e,201922bd-bc6d-ada9-e842-643be22558f8,c,c,true
a8c4cdb0-4749-e886-abb1-76ee45a3ac10,b644e965-f0da-2073-fb42-10b50bd1d9ca,b,a,false
b95980b6-74ac-a7c5-c158-0d252632ba13,e57b8a51-d2dc-dadc-edfe-6f7f5b3caa6d,d,d,true
f57ff308-aec1-08a4-f087-6b3ce3181963,b45c6079-9179-340c-6ad1-17430933f22a,d,d,true
0a0e7814-7eb4-9f2a-633b-4d9dde282307,b45c6079-9179-340c-6ad1-17430933f22a,d,d,true
d261a4ed-a7e5-6d36-5edc-d182ecc79591,b48e7446-cf17-3171-276e-c83305f3ce76,a,a,true
1f6e831c-e433-e817-7300-8547864fc0ac,f668fe79-77f4-4d93-4069-2cb864a7c62e,b,b,true
8b4390a2-a189-72e9-7920-aac1c7d361e4,e57b8a51-d2dc-dadc-edfe-6f7f5b3caa6d,d,d,true
0556e026-2173-0f8d-6668-33492f82b00c,e57b8a51-d2dc-dadc-edfe-6f7f5b3caa6d,d,d,true
df61f871-cc36-8b7f-f2c6-77d34e1c149c,989d68ee-4636-b9f4-eb5d-543258e1315a,d,d,true
c13d6a20-8cd3-9ffd-e732-ad9b289be171,f668fe79-77f4-4d93-4069-2cb864a7c62e,b,b,true
522bca14-efe4-bbe4-4c26-d04abc437a41,7b096543-245c-709e-8433-3b08affd72b7,c,b,false
7d181dae-c577-dec2-5874-7e9249a5f612,b45c6079-9179-340c-6ad1-17430933f22a,d,d,true
1c91961e-44b2-f57a-075b-50052fcb2860,b644e965-f0da-2073-fb42-10b50bd1d9ca,c,a,false
acc6dd51-b678-773c-5cae-593a8acba6b4,989d68ee-4636-b9f4-eb5d-543258e1315a,d,d,true
4dfe2071-ec99-c68a-e4c8-c51bb302c2b4,b48e7446-cf17-3171-276e-c83305f3ce76,a,a,true
e7ce4a41-17ce-960e-0f57-e8eaa6a3d118,201922bd-bc6d-ada9-e842-643be22558f8,c,c,true
12729954-b9e9-a3a4-3286-65e5d0a3c126,b48e7446-cf17-3171-276e-c83305f3ce76,a,a,true
6206bdc2-4a57-7180-6055-5482b0105755,201922bd-bc6d-ada9-e842-643be22558f8,c,c,true
7253c968-bbda-1b64-77d4-a2e0c8870efc,f668fe79-77f4-4d93-4069-2cb864a7c62e,c,b,false
52e02ade-2bea-f00d-5b7f-bc5bbc97b8ea,7b096543-245c-709e-8433-3b08affd72b7,b,b,true
89cc7ce2-f3b3-880e-014e-746b1e0e977b,b45c6079-9179-340c-6ad1-17430933f22a,d,d,true
846264d0-b38b-989f-ea78-d0c190d829fe,811fa459-5bcd-9e2e-f8d8-391c4f4507ad,d,d,true
40bff808-9e35-a65b-f00b-46b702e68464,b48e7446-cf17-3171-276e-c83305f3ce76,a,a,true
851bb8a3-9c3b-dd08-909f-252c17f83e36,7b096543-245c-709e-8433-3b08affd72b7,b,b,true
d353b76a-5f4f-fce6-7ebb-0961ea92bcbe,989d68ee-4636-b9f4-eb5d-543258e1315a,d,d,true
c72defb8-9fa6-4e3a-7a4d-ab9bcd92d92a,b644e965-f0da-2073-fb42-10b50bd1d9ca,a,a,true
37523b42-0a0a-9bea-d4d4-33aa2083eaf2,b644e965-f0da-2073-fb42-10b50bd1d9ca,a,a,true
6c9dceb1-9ce7-a867-59e2-4e7c22204269,b644e965-f0da-2073-fb42-10b50bd1d9ca,a,a,true
7110d88b-a56e-c1c9-9dad-5862522b8c77,7b096543-245c-709e-8433-3b08affd72b7,b,b,true
23c8a271-c0cc-3ba6-4faf-a790072f9255,7b096543-245c-709e-8433-3b08affd72b7,b,b,true
7fda5d87-abcf-4edc-728e-67860cb4e104,07223e8f-99f3-0531-1e1f-c54f6bf8f8d7,a,a,true
4c280d06-2d39-d859-bb04-2ad2c9637e84,7b096543-245c-709e-8433-3b08affd72b7,b,b,true
9ad6c22a-556e-b758-4bcb-e673e846e0c0,b48e7446-cf17-3171-276e-c83305f3ce76,a,a,true
876e2f8e-5af9-1e28-bfcb-74b02bb9311b,811fa459-5bcd-9e2e-f8d8-391c4f4507ad,d,d,true
f4db0875-9e4c-5ab1-98be-497c3e29d0eb,f668fe79-77f4-4d93-4069-2cb864a7c62e,b,b,true
e9a4890e-6011-9249-ef68-98958261c13b,f668fe79-77f4-4d93-4069-2cb864a7c62e,b,b,true
40d32702-0f2d-12c0-81e2-4c5215683500,201922bd-bc6d-ada9-e842-643be22558f8,c,c,true
56e25f9d-66d7-4118-a8dc-3d8fbb32f5d9,b644e965-f0da-2073-fb42-10b50bd1d9ca,c,a,false
7356732a-413b-db18-d94c-97b1bf223c9a,989d68ee-4636-b9f4-eb5d-543258e1315a,d,d,true
36d9a74c-0123-ec38-4a35-260b06dea831,e57b8a51-d2dc-dadc-edfe-6f7f5b3caa6d,d,d,true
9b5fd8eb-b3a7-8460-4865-c13d21b1b812,b644e965-f0da-2073-fb42-10b50bd1d9ca,a,a,true
54657a19-b9d3-b74b-5172-56071961429c,07223e8f-99f3-0531-1e1f-c54f6bf8f8d7,a,a,true
3971a865-66f8-ca0c-79e1-cf7843cfeddf,e57b8a51-d2dc-dadc-edfe-6f7f5b3caa6d,d,d,true
2d5e82da-60d6-631a-04d2-1c40fe18dd6d,7b096543-245c-709e-8433-3b08affd72b7,b,b,true
30a511e2-b5ad-7945-b15a-0331185b989f,989d68ee-4636-b9f4-eb5d-543258e1315a,d,d,true
8332fcda-44b9-e597-caed-1692cd07115e,f668fe79-77f4-4d93-4069-2cb864a7c62e,b,b,true
82af09d0-2198-ff17-2a28-e0c0e0da41f6,201922bd-bc6d-ada9-e842-643be22558f8,c,c,true
57b8095e-6d7e-1823-b4a8-ff8876fd48c2,b45c6079-9179-340c-6ad1-17430933f22a,d,d,true
024fa815-4ca0-0a01-bced-73957a4cd7be,989d68ee-4636-b9f4-eb5d-543258e1315a,d,d,true
0d44d6d5-2295-bcbc-90b1-cdc7206d05d3,b48e7446-cf17-3171-276e-c83305f3ce76,a,a,true
7c95ff16-a2c6-b08a-5bfb-ecb09bb98832,f668fe79-77f4-4d93-4069-2cb864a7c62e,b,b,true
510de38e-c84c-c427-9540-309eaa0efd13,b48e7446-cf17-3171-276e-c83305f3ce76,d,a,false
175b365a-bf67-15b2-c649-3fcfb2bf4e51,989d68ee-4636-b9f4-eb5d-543258e1315a,d,d,true
439b6049-abd2-0c0f-f080-4aa9b3bce19a,f668fe79-77f4-4d93-4069-2cb864a7c62e,b,b,true
b9ccf42a-88db-3a1b-9710-c2334c81789f,7b096543-245c-709e-8433-3b08affd72b7,b,b,true
3f7c6d59-1cd3-c72a-b526-6a837cd79b3d,b45c6079-9179-340c-6ad1-17430933f22a,d,d,true
8c0f1d3d-1d7d-ed06-46f2-86b158e040f1,f668fe79-77f4-4d93-4069-2cb864a7c62e,b,b,true
c67943c7-a521-5952-7bbc-a0d45349a655,811fa459-5bcd-9e2e-f8d8-391c4f4507ad,d,d,true
75eb18e8-ed85-7f6a-e766-cbc6f9699b8b,7b096543-245c-709e-8433-3b08affd72b7,b,b,true
247a54d6-2a57-671f-c1e7-dc29ea5bfc12,b45c6079-9179-340c-6ad1-17430933f22a,d,d,true
811a3dde-6d27-3c63-c8ea-ceb778638030,811fa459-5bcd-9e2e-f8d8-391c4f4507ad,d,d,true
b4106d3d-e9e6-138d-94f9-8aee2aba9e96,e57b8a51-d2dc-dadc-edfe-6f7f5b3caa6d,d,d,true
8b5a028f-dfd2-233d-6639-93fada6b410b,b644e965-f0da-2073-fb42-10b50bd1d9ca,a,a,true
9ce82d35-7e68-9306-dea5-3478cd08d4e2,07223e8f-99f3-0531-1e1f-c54f6bf8f8d7,a,a,true
b403e1f4-13f0-7abb-1ca5-f6ab605a144a,b644e965-f0da-2073-fb42-10b50bd1d9ca,a,a,true
a8a44bf2-2a03-a55b-e82a-8ce7a496477a,201922bd-bc6d-ada9-e842-643be22558f8,c,c,true
9cb5f067-f224-2f15-7d67-f66ffc0ee884,7b096543-245c-709e-8433-3b08affd72b7,b,b,true
bbd1ea63-631f-1093-c5a1-16779816c578,e57b8a51-d2dc-dadc-edfe-6f7f5b3caa6d,d,d,true
7f68470f-87a3-f798-9231-04bfa6eba3f3,07223e8f-99f3-0531-1e1f-c54f6bf8f8d7,a,a,true
1c8d5c27-d507-7785-4a5f-b1065ef58372,f668fe79-77f4-4d93-4069-2cb864a7c62e,b,b,true
d93af995-5db0-b113-20df-d089797b6270,b48e7446-cf17-3171-276e-c83305f3ce76,a,a,true
70af31de-4c26-eb55-6c58-8d30a6625809,07223e8f-99f3-0531-1e1f-c54f6bf8f8d7,a,a,true
be138417-6b23-05e7-a7c8-6a8fcef70f87,989d68ee-4636-b9f4-eb5d-543258e1315a,d,d,true
76cc621d-0437-7fd6-2eea-d0c6c425e2db,07223e8f-99f3-0531-1e1f-c54f6bf8f8d7,a,a,true
a52f00f6-d959-040c-b549-2939bd741045,989d68ee-4636-b9f4-eb5d-543258e1315a,d,d,true
df3c15bc-8646-73f9-0727-866e8058341d,b48e7446-cf17-3171-276e-c83305f3ce76,a,a,true
7c1fea42-e1ab-6d5c-f9a3-723b1bb83f27,e57b8a51-d2dc-dadc-edfe-6f7f5b3caa6d,d,d,true
21249305-275b-92a3-536f-a0525a947ceb,e57b8a51-d2dc-dadc-edfe-6f7f5b3caa6d,d,d,true
a68b1da4-b886-7779-29b5-c1a25f988138,07223e8f-99f3-0531-1e1f-c54f6bf8f8d7,a,a,true
a12bce5c-2278-0cb4-eb1e-8de0fba76419,7b096543-245c-709e-8433-3b08affd72b7,b,b,true
819969cc-84a7-514d-2e2c-bb371d59cb88,b48e7446-cf17-3171-276e-c83305f3ce76,a,a,true
8f93e62a-563e-60fd-4bda-3b54be564744,b45c6079-9179-340c-6ad1-17430933f22a,d,d,true
4cbc3bfa-d863-ddf2-1e28-05e72b69a53d,b644e965-f0da-2073-fb42-10b50bd1d9ca,b,a,false
eef29681-c153-3d8a-fd62-c2fe49180c1e,7b096543-245c-709e-8433-3b08affd72b7,c,b,false
e7e992ea-d11f-72e5-254c-6ed597026ffc,b45c6079-9179-340c-6ad1-17430933f22a,d,d,true
47cde17f-81ea-4d2c-7fa7-53cfbe165796,7b096543-245c-709e-8433-3b08affd72b7,a,b,false
01d43c6c-2d0e-62ab-9b4d-88fe7966df41,07223e8f-99f3-0531-1e1f-c54f6bf8f8d7,a,a,true
49e186e1-b11f-e8a4-df09-4f694a5968e3,7b096543-245c-709e-8433-3b08affd72b7,a,b,false
446051bd-e389-b227-3d67-7747d73eaea2,811fa459-5bcd-9e2e-f8d8-391c4f4507ad,d,d,true
11b33858-8bb0-7c29-8e6c-5f38ab6027cd,e57b8a51-d2dc-dadc-edfe-6f7f5b3caa6d,d,d,true
584f8fe6-ffcb-ac6b-6d0e-ab11467fba61,7b096543-245c-709e-8433-3b08affd72b7,b,b,true
23713c1a-795e-07ef-a61b-ebf40804cf6c,7b096543-245c-709e-8433-3b08affd72b7,b,b,true
3927dc22-b200-e77d-312b-31e35297ebd8,b45c6079-9179-340c-6ad1-17430933f22a,b,d,false
20cd9866-5f8a-b6e9-9c70-e6785c040427,201922bd-bc6d-ada9-e842-643be22558f8,c,c,true
29d54fad-41ca-9387-dcec-66248c63c05b,b45c6079-9179-340c-6ad1-17430933f22a,d,d,true
26b8c245-c181-5151-8b13-950dee9f683e,989d68ee-4636-b9f4-eb5d-543258e1315a,d,d,true
3432509d-5e08-b765-603a-bd3217812938,b45c6079-9179-340c-6ad1-17430933f22a,c,d,false
921eac80-e18c-275e-093a-382c764a46b1,7b096543-245c-709e-8433-3b08affd72b7,b,b,true
575f5213-74be-ef88-0bf9-d276dce6b3da,811fa459-5bcd-9e2e-f8d8-391c4f4507ad,d,d,true
c862ef36-23c2-3d10-3156-63cc0acc6913,b45c6079-9179-340c-6ad1-17430933f22a,d,d,true
2afbb85b-5abd-33e0-c9a9-c79a7db40ea0,b48e7446-cf17-3171-276e-c83305f3ce76,a,a,true
9bd699dc-eb6e-6dd5-e324-2814c14e458c,811fa459-5bcd-9e2e-f8d8-391c4f4507ad,d,d,true
62e5c936-1042-2eb1-752e-cfd0c2668a54,b45c6079-9179-340c-6ad1-17430933f22a,d,d,true
dfbb751a-3d08-9dc4-dfdb-5a88d405992b,07223e8f-99f3-0531-1e1f-c54f6bf8f8d7,a,a,true
fd532b51-f150-60f3-8280-94f7d8e71b2a,7b096543-245c-709e-8433-3b08affd72b7,b,b,true
3a7f41f6-2da3-f98b-9298-eaea7bd68401,b48e7446-cf17-3171-276e-c83305f3ce76,a,a,true
f5ee1ec8-16fe-2766-dec0-757570a5246e,7b096543-245c-709e-8433-3b08affd72b7,b,b,true
2a565c58-d979-5f46-54d4-b3c5aadd400f,201922bd-bc6d-ada9-e842-643be22558f8,c,c,true
8fd81b51-d086-1b00-e337-d9e7b2e3bdc5,7b096543-245c-709e-8433-3b08affd72b7,b,b,true
af4baab8-e617-cfa1-a269-d69c98f19eba,201922bd-bc6d-ada9-e842-643be22558f8,c,c,true
35cf7ddc-84f1-f65a-9722-232fa90d2dff,07223e8f-99f3-0531-1e1f-c54f6bf8f8d7,a,a,true
6c80a57e-aaf9-1d29-5849-10c83f607a70,7b096543-245c-709e-8433-3b08affd72b7,b,b,true
4fbfce87-45ea-277a-42e8-0d86224c632a,811fa459-5bcd-9e2e-f8d8-391c4f4507ad,d,d,true
53389a5e-5644-8c87-a232-085c3af5d057,f668fe79-77f4-4d93-4069-2cb864a7c62e,b,b,true
5326d781-949b-f196-a054-687b78dc3247,07223e8f-99f3-0531-1e1f-c54f6bf8f8d7,a,a,true
ec8d00c8-7f7b-a215-eee2-fa497ce26f76,07223e8f-99f3-0531-1e1f-c54f6bf8f8d7,a,a,true
2360b5bb-5488-6bb2-1746-23ae0cd6a407,7b096543-245c-709e-8433-3b08affd72b7,b,b,true
db09a386-1a44-cb7d-63b1-55382e36343e,811fa459-5bcd-9e2e-f8d8-391c4f4507ad,d,d,true
57bd4e3c-e258-9821-1273-658ef2ba2f4b,e57b8a51-d2dc-dadc-edfe-6f7f5b3caa6d,d,d,true
383cc70c-51a5-c280-4500-da5cdeb87b8b,811fa459-5bcd-9e2e-f8d8-391c4f4507ad,d,d,true
5a121301-7f2d-dadb-ada7-59188c5ca81f,e57b8a51-d2dc-dadc-edfe-6f7f5b3caa6d,d,d,true
7aeb8ace-132c-52a5-cf7c-d5d9e3de3ffa,811fa459-5bcd-9e2e-f8d8-391c4f4507ad,d,d,true
3bda0712-3812-3cd1-ee89-a4fd4d62b344,f668fe79-77f4-4d93-4069-2cb864a7c62e,b,b,true
457a2c62-f324-daa3-35d5-132f7387daef,201922bd-bc6d-ada9-e842-643be22558f8,c,c,true
ba6bccba-1f89-cb05-db39-5db633ea2a56,201922bd-bc6d-ada9-e842-643be22558f8,c,c,true
ec1dea61-5edc-9767-deb7-7fe7a9d22d86,b45c6079-9179-340c-6ad1-17430933f22a,d,d,true
ce1c8d0a-b537-b77c-2915-6c99b242d03e,811fa459-5bcd-9e2e-f8d8-391c4f4507ad,d,d,true
866d8a4f-22ca-e307-3b06-fa3fa976ec98,811fa459-5bcd-9e2e-f8d8-391c4f4507ad,d,d,true
e168a55c-21fd-db93-a8cf-baeb43a55cf0,b644e965-f0da-2073-fb42-10b50bd1d9ca,a,a,true
8821ddc6-1d05-57ab-5765-50f6cb04d849,b644e965-f0da-2073-fb42-10b50bd1d9ca,a,a,true
ca97870c-9407-5902-2a21-6ea55c37705e,b48e7446-cf17-3171-276e-c83305f3ce76,a,a,true
4d3d9b25-8359-8969-070f-18a557447b73,e57b8a51-d2dc-dadc-edfe-6f7f5b3caa6d,d,d,true
7d81c710-6ee6-dfca-edd7-d2754e050310,b45c6079-9179-340c-6ad1-17430933f22a,d,d,true
cad6aa63-6a27-e3c4-6559-4b67ab0ffe89,07223e8f-99f3-0531-1e1f-c54f6bf8f8d7,b,a,false
509ff60b-d468-b4c7-0937-5b852e8b6102,201922bd-bc6d-ada9-e842-643be22558f8,c,c,true
26d2f30f-c29e-4422-129e-f74e6c686416,811fa459-5bcd-9e2e-f8d8-391c4f4507ad,d,d,true
e67f40bf-5673-770d-034d-b5788a609429,201922bd-bc6d-ada9-e842-643be22558f8,c,c,true
2483a7c2-1245-6bf6-d56c-efddbc6cca4a,f668fe79-77f4-4d93-4069-2cb864a7c62e,b,b,true
af53925b-d2f7-cc6e-5f2a-a5284c21acd9,f668fe79-77f4-4d93-4069-2cb864a7c62e,b,b,true
c64c250b-8d4b-6be7-81b8-7a6b67e39486,b48e7446-cf17-3171-276e-c83305f3ce76,a,a,true
b620e87a-a2bb-907b-4f6c-ec14eefd3fbd,e57b8a51-d2dc-dadc-edfe-6f7f5b3caa6d,d,d,true
43b8abfa-5d5c-cbeb-c7af-3e30be6ad7cb,b644e965-f0da-2073-fb42-10b50bd1d9ca,a,a,true
e644372e-2fb6-6de5-f77d-fd9a5586d1e5,07223e8f-99f3-0531-1e1f-c54f6bf8f8d7,a,a,true
76a28f03-3663-5601-8d31-154880a8a734,7b096543-245c-709e-8433-3b08affd72b7,b,b,true
e7a19cc5-5320-e40d-ea35-e7c2a80498ad,07223e8f-99f3-0531-1e1f-c54f6bf8f8d7,a,a,true
021699ed-e7dd-26a1-1214-231f26e1c58a,811fa459-5bcd-9e2e-f8d8-391c4f4507ad,d,d,true
c5959066-5e19-e88a-9810-1e8b8519f3c3,b48e7446-cf17-3171-276e-c83305f3ce76,a,a,true
27e1ade3-998a-cab6-a7f2-4b8e5e2f0be1,811fa459-5bcd-9e2e-f8d8-391c4f4507ad,d,d,true
37222308-3571-da42-69b7-33ffcf1c0b1a,e57b8a51-d2dc-dadc-edfe-6f7f5b3caa6d,d,d,true
5e73c6f0-73ea-928e-73c7-1fc55e87c1c0,b45c6079-9179-340c-6ad1-17430933f22a,d,d,true
aa101159-7371-db34-53ad-2e1d64c9cfbe,b45c6079-9179-340c-6ad1-17430933f22a,d,d,true
86237113-ccf7-d491-0759-8fc2c098424a,7b096543-245c-709e-8433-3b08affd72b7,b,b,true
9acab4cc-01a1-8c9d-abea-b63f17241f22,989d68ee-4636-b9f4-eb5d-543258e1315a,d,d,true
2b4709a8-228a-1e96-57a3-0179c3e597c5,7b096543-245c-709e-8433-3b08affd72b7,b,b,true
0f09a535-72ec-7526-d968-507a354bcec1,f668fe79-77f4-4d93-4069-2cb864a7c62e,b,b,true
aae7f85c-e55e-587d-9266-a66ac5e6b913,07223e8f-99f3-0531-1e1f-c54f6bf8f8d7,a,a,true
e6e302ac-a449-a5a9-d5a7-a9a137415143,201922bd-bc6d-ada9-e842-643be22558f8,c,c,true
544228b3-5553-5e94-3915-65f64071502d,b644e965-f0da-2073-fb42-10b50bd1d9ca,a,a,true
9383d2e9-0805-8dcf-8cdf-28b7fdefb634,b48e7446-cf17-3171-276e-c83305f3ce76,a,a,true
f643da2c-5905-ab53-8fb7-086e6a6e64b9,07223e8f-99f3-0531-1e1f-c54f6bf8f8d7,a,a,true
3d811c6d-caaf-e2c8-c40e-8a8390deef6f,f668fe79-77f4-4d93-4069-2cb864a7c62e,b,b,true
d19e4e19-41ce-da7c-4789-c7910db7dee1,b45c6079-9179-340c-6ad1-17430933f22a,c,d,false
7987a7e3-1938-8a43-5eb2-f1c4f15aab32,e57b8a51-d2dc-dadc-edfe-6f7f5b3caa6d,d,d,true
cf516f64-272e-89b8-c0a9-f81c0bb6c3c6,989d68ee-4636-b9f4-eb5d-543258e1315a,d,d,true
171549fb-f6d1-4111-6ccd-c610e5096849,07223e8f-99f3-0531-1e1f-c54f6bf8f8d7,a,a,true
9182fd73-10d2-93d4-3f91-7fa663ff2a5d,7b096543-245c-709e-8433-3b08affd72b7,d,b,false
663d0106-e64b-bb72-93df-c78f5456b15f,201922bd-bc6d-ada9-e842-643be22558f8,c,c,true
767dc3b4-30cd-b8ec-eda4-003fdab0cc2f,201922bd-bc6d-ada9-e842-643be22558f8,c,c,true
af27505f-92c5-d02e-cea9-b4e2ba069a56,201922bd-bc6d-ada9-e842-643be22558f8,c,c,true
6a4324ed-7d5b-1762-00c6-4bfe1a864187,b644e965-f0da-2073-fb42-10b50bd1d9ca,a,a,true
a60639b8-3dc6-14b1-7d80-71d99e9f83da,811fa459-5bcd-9e2e-f8d8-391c4f4507ad,d,d,true
3b73eed8-1616-ff49-fe59-e5f4104253fb,b48e7446-cf17-3171-276e-c83305f3ce76,a,a,true
8b09b0e0-3a58-26df-cf1f-e3a76819b14d,b48e7446-cf17-3171-276e-c83305f3ce76,a,a,true
66cd745e-fb58-bb99-cbf4-e2ecc9b806fd,989d68ee-4636-b9f4-eb5d-543258e1315a,d,d,true
5c0fb3d3-4ff4-b7d0-c7e7-4a92a644c7c9,201922bd-bc6d-ada9-e842-643be22558f8,c,c,true
7066582c-c6c2-d3b2-abff-6902b78e1035,7b096543-245c-709e-8433-3b08affd72b7,a,b,false
ad821a0d-c005-4e63-f7d8-1caeb3bd0426,07223e8f-99f3-0531-1e1f-c54f6bf8f8d7,b,a,false
56624ba4-1e67-2206-6029-923d2a937156,201922bd-bc6d-ada9-e842-643be22558f8,c,c,true
2274b021-7a27-9abd-89b7-9199aa419606,e57b8a51-d2dc-dadc-edfe-6f7f5b3caa6d,d,d,true
e38fd8a5-894b-f086-4d37-eeb67f1b2e2d,e57b8a51-d2dc-dadc-edfe-6f7f5b3caa6d,d,d,true
